--SELECT 'DROP TABLE "' || TABLE_NAME || '" CASCADE CONSTRAINTS;' FROM user_tables;

ALTER SESSION SET NLS_DATE_FORMAT = 'yyyy-mm-dd';
DROP TABLE EMP_RESTAURANT;
DROP TABLE EMP_NOTICE;
DROP TABLE RES_NOTICE;
DROP TABLE RES_RESERVATION;
DROP TABLE RES_MEAL_ORDER_DETAIL;
DROP TABLE ROOM_MEAL_ORDER_DETAIL;
DROP TABLE RES_MEAL_ORDER_MASTER;
DROP TABLE ROOM_MEAL_ORDER_MASTER;
DROP TABLE FAVORITE_MEAL;
DROP TABLE MEAL_PICTURE;
DROP TABLE MEAL;
DROP TABLE MEAL_TYPE;
DROP TABLE RESTAURANT;
DROP TABLE BOOKING_ORDER_DETAIL;
DROP TABLE ROOM;
DROP TABLE BOOKING_ORDER_MASTER;
DROP TABLE SALE_ORDER_DETAIL;
DROP TABLE SALEPLAN;
DROP TABLE ROOM_TYPE_REV;
DROP TABLE ROOM_TYPE_PICTURE;
DROP TABLE ROOM_DATE;
--DROP TABLE ROOM_SALE_PRICE;
DROP TABLE ROOM_TYPE;
DROP TABLE EMP_AUTHORITY;
DROP TABLE EMPLOYEE;
DROP TABLE DEPARTMENT;
DROP TABLE FEATURE;
DROP TABLE MESSAGE_REPORT;
DROP TABLE DIARY_MESSAGE;
DROP TABLE DIARY_REPORT;
DROP TABLE DIARY;
DROP TABLE NEWS;
DROP TABLE CUS_NOTICE;
DROP TABLE CUSTOMER;


-------------------------------------------------------------------------




--select table_name from user_tables;


-- Create CUSTOMER FUNCTION Table --
CREATE TABLE CUSTOMER (
 CUS_ID             VARCHAR2(10) NOT NULL,
 CUS_NAME           VARCHAR2(50) NOT NULL,
 CUS_EMAIL          VARCHAR(30) NOT NULL,
 CUS_CEL            VARCHAR2(10)  NOT NULL,
 COUNTRY            NUMBER(1) NOT NULL,
 ID_NUM             VARCHAR2(15) NOT NULL,
 CUS_BIR            DATE,
 CUS_PASSWORD       VARCHAR2(20) NOT NULL,
 REG_DATE           DATE  DEFAULT SYSDATE NOT NULL,
 IDF_PIC            BLOB,
 CUS_CK             NUMBER(1) DEFAULT 0,
 CAPTCHA            VARCHAR(30),
 --原為VARCHAR2
 CONSTRAINT PK_CUS PRIMARY KEY (CUS_ID)
);



CREATE TABLE CUS_NOTICE (
 CUS_NOTICE_NO               VARCHAR2(10) NOT NULL,
 CUS_ID                      VARCHAR2(10) NOT NULL,
 MESSAGE                     CLOB,
 --MESSAGE_STATUS NUMBER(1),
 MESSAGE_STATUS              NUMBER(1) DEFAULT 0,
 CONSTRAINT PK_CUS_NOTICE    PRIMARY KEY (CUS_NOTICE_NO),
 CONSTRAINT FK_CUNO_CUSTOMER FOREIGN KEY (CUS_ID) REFERENCES CUSTOMER (CUS_ID)
);


CREATE TABLE NEWS (
 NEWS_NO                VARCHAR2(10) NOT NULL,
 NEWS_CONTENT           CLOB NOT NULL,
 NEWS_STATUS            NUMBER(1) DEFAULT 1,
 CONSTRAINT PK_NEWS     PRIMARY KEY (NEWS_NO)
);


-- Create CUSTOMER FUNCTION Table --
CREATE TABLE DIARY (
 DIARY_NO                     VARCHAR2(15) NOT NULL,
 CUS_ID                       VARCHAR2(10) NOT NULL,
 DIARY_DATE                   DATE DEFAULT SYSDATE,
 DIARY_TITLE                  VARCHAR2(60),
 DIARY_CONTENT                CLOB NOT NULL,
 DIARY_STATUS                 NUMBER(1) DEFAULT 1,
 CONSTRAINT PK_DIARY          PRIMARY KEY (DIARY_NO),
 CONSTRAINT FK_DIARY_CUSTOMER FOREIGN KEY (CUS_ID) REFERENCES CUSTOMER (CUS_ID)
);


CREATE TABLE DIARY_MESSAGE (
 DIARY_MESSAGE_NO            VARCHAR2(15) NOT NULL,
 CUS_ID                      VARCHAR2(10) NOT NULL,
 DIARY_NO                    VARCHAR2(15) NOT NULL,
 DIARY_MESSAGE_DATE          DATE DEFAULT SYSDATE NOT NULL,
 DIARY_MESSAGE_CONTENT       CLOB NOT NULL,
 diary_message_status        NUMBER(1) DEFAULT 1,
 CONSTRAINT PK_DIARY_MESSAGE PRIMARY KEY (DIARY_MESSAGE_NO),
 CONSTRAINT FK_DIME_CUSTOMER FOREIGN KEY (CUS_ID) REFERENCES CUSTOMER (CUS_ID),
 CONSTRAINT FK_DIME_DIARY    FOREIGN KEY (DIARY_NO) REFERENCES DIARY (DIARY_NO)
);


-- identifier is too long, stop using CONSTRAINT --
CREATE TABLE MESSAGE_REPORT (
 MESSAGE_REPORT_NO VARCHAR2(10) NOT NULL,
 CUS_ID VARCHAR2(10) NOT NULL,
 DIARY_NO VARCHAR2(15) NOT NULL,
 DIARY_MESSAGE_NO VARCHAR2(15) NOT NULL,
 REPORT_PROJECT NUMBER(1) NOT NULL,
 REPORT_DATE DATE DEFAULT SYSDATE NOT NULL,
 MESSAGE_REPORT_STATUS NUMBER(1) DEFAULT 1,
 CONSTRAINT PK_MESSAGE_REPORT PRIMARY KEY (MESSAGE_REPORT_NO),
 CONSTRAINT FK_MSRE_CUSTOMER FOREIGN KEY (CUS_ID) REFERENCES CUSTOMER (CUS_ID),
 CONSTRAINT FK_MSRE_DIARY FOREIGN KEY (DIARY_NO) REFERENCES DIARY (DIARY_NO),
 CONSTRAINT FK_MSRE_DIARY_MESSAGE FOREIGN KEY (DIARY_MESSAGE_NO) REFERENCES DIARY_MESSAGE (DIARY_MESSAGE_NO)
);


CREATE TABLE DIARY_REPORT (
    DIARY_REPORT_NO VARCHAR2(10) NOT NULL,
    CUS_ID VARCHAR2(10) NOT NULL,
    DIARY_NO VARCHAR2(15) NOT NULL,
    REPORT_PROJECT NUMBER(1),
    REPORT_DATE DATE DEFAULT SYSDATE,
    DIARY_REPORT_STATUS NUMBER(1),
    CONSTRAINT PK_DIARY_REPORT PRIMARY KEY (DIARY_REPORT_NO),
    CONSTRAINT FK_DIARY_REPORT_CUSTOMER FOREIGN KEY (CUS_ID) REFERENCES CUSTOMER (CUS_ID),
    CONSTRAINT FK_DIARY_REPORT_DIARY FOREIGN KEY (DIARY_NO) REFERENCES DIARY (DIARY_NO)
);

-- Create MEAL_ORDER FUNCTION Table --
CREATE TABLE DEPARTMENT (
 DEP_NO VARCHAR2(5) NOT NULL,
 DEP_NAME VARCHAR2(15) NOT NULL,
 CONSTRAINT PK_DEPARTMENT PRIMARY KEY (DEP_NO)
);

CREATE TABLE EMPLOYEE (
 EMP_ID VARCHAR2(10) NOT NULL,
 DEP_NO VARCHAR2(10) NOT NULL,
 EMP_NAME VARCHAR2(10) NOT NULL,
 EMP_PHONE NUMBER(10) NOT NULL,
 EMP_EMAIL VARCHAR2(30) NOT NULL,
 EMP_PASSWORD VARCHAR2(20) NOT NULL,
 EMP_STATUS NUMBER(1) NOT NULL,
 EMP_PICTURE BLOB,
 CONSTRAINT PK_EMPLOYEE PRIMARY KEY (EMP_ID),
 CONSTRAINT FK_EMPL_DEPARTMENT FOREIGN KEY (DEP_NO) REFERENCES DEPARTMENT (DEP_NO),
 CONSTRAINT UNI_EMPL_EMP_EMAIL UNIQUE (EMP_EMAIL)
);

CREATE TABLE FEATURE (
 FEAT_NO VARCHAR2(8) NOT NULL,
 FEAT_NAME VARCHAR2(30) NOT NULL,
 CONSTRAINT PK_EMPLOYEE_FEATURE PRIMARY KEY (FEAT_NO)
);


-- Can't use CONSTRAINT to build Compound Key --
CREATE TABLE EMP_AUTHORITY (
 EMP_ID VARCHAR2(10) NOT NULL,
 FEAT_NO VARCHAR2(8) NOT NULL,
-- PRIMARY KEY (EMP_ID, FEAT_NO),
 CONSTRAINT PK_EMP_AUTHORITY PRIMARY KEY (EMP_ID, FEAT_NO),
 CONSTRAINT FK_EMAU_EMPLOYEE FOREIGN KEY (EMP_ID) REFERENCES EMPLOYEE (EMP_ID),
 CONSTRAINT FK_EMAU_EMPLOYEE_FEATURE FOREIGN KEY (FEAT_NO) REFERENCES FEATURE (FEAT_NO)
);


-- Create ROOM_ORDER FUNCTION Table --
CREATE TABLE ROOM_TYPE (
 ROOM_TYPE_NO VARCHAR2(5) NOT NULL,
 ROOM_TYPE_NAME VARCHAR2(20) NOT NULL,
 ARTICLE CLOB NOT NULL,
 QUANTITY NUMBER(3) DEFAULT 0,
 PERSON_CAPACITY NUMBER(1) NOT NULL,
 ADD_PEOPLE NUMBER(1) NOT NULL,
 PRICE NUMBER(5) NOT NULL,
 HOLIDAY_PRICE NUMBER(5) NOT NULL,
 WORKINGDAY_PRICE NUMBER(5) NOT NULL,
 TOTAL_PEOPLE NUMBER(2) NOT NULL,
 STAR_AMOUNT NUMBER(10) DEFAULT 0,
 STAR_PEOPLE NUMBER(10) DEFAULT 0,
 ROOM_TYPE_STATUS NUMBER(1) DEFAULT 1 NOT NULL ,
 
-- CONSTRAINT PK_ROOM_TYPE_NO PRIMARY KEY (ROOM_TYPE_NO)
 CONSTRAINT PK_ROOM_TYPE PRIMARY KEY (ROOM_TYPE_NO)
);

CREATE TABLE ROOM_TYPE_PICTURE (
 ROOM_TYPE_PICTURE_NO VARCHAR2(7) NOT NULL,
 ROOM_TYPE_NO VARCHAR2(5) NOT NULL,
 ROOM_TYPE_PIC BLOB NOT NULL,
 CONSTRAINT PK_ROOM_TYPE_PICTURE PRIMARY KEY (ROOM_TYPE_PICTURE_NO),
 CONSTRAINT FK_RTPI_ROOM_TYPE FOREIGN KEY (ROOM_TYPE_NO) REFERENCES ROOM_TYPE (ROOM_TYPE_NO)
);

CREATE TABLE ROOM_DATE(
DATE_TIME DATE NOT NULL,
ISHOLIDAY NUMBER(1),
CONSTRAINT PK_ROOM_DATE PRIMARY KEY(DATE_TIME)
);
--
--CREATE TABLE ROOM_SALE_PRICE (
-- ROOM_TYPE_NO VARCHAR2(5) NOT NULL,
-- HOLIDAY_PRICE NUMBER(5),
-- WORKINGDAY_PRICE NUMBER(5),
-- --BK_DATE DATE NOT NULL,
-- --SALE_PRICE NUMBER(5) NOT NULL,
-- --QTY_AVAILABLE NUMBER(3) NOT NULL,
-- CONSTRAINT PK_ROOM_SALE_PRICE PRIMARY KEY (ROOM_TYPE_NO),
-- CONSTRAINT FK_RSPR_ROOM_TYPE FOREIGN KEY (ROOM_TYPE_NO) REFERENCES ROOM_TYPE (ROOM_TYPE_NO)
--);


CREATE TABLE ROOM_TYPE_REV (
 ROOM_TYPE_REV_NO VARCHAR2(10) NOT NULL,
 ROOM_TYPE_NO VARCHAR2(5) NOT NULL,
 REV VARCHAR2(100),
 CONSTRAINT PK_ROOM_TYPE_REV PRIMARY KEY (ROOM_TYPE_REV_NO),
 CONSTRAINT FK_RTRE_ROOM_TYPE FOREIGN KEY (ROOM_TYPE_NO) REFERENCES ROOM_TYPE (ROOM_TYPE_NO)
);

CREATE TABLE SALEPLAN (
 SAPL_NO VARCHAR2(8) NOT NULL,
 SAPL_NAME VARCHAR2(30) NOT NULL,
 DETAIL VARCHAR2(100),
 START_DATE DATE NOT NULL,
 END_DATE DATE NOT NULL,
 SAPL_DISCOUNT NUMBER(2,2) NOT NULL,
 STATUS NUMBER(1) DEFAULT 2 NOT NULL, 
 CONSTRAINT PK_SALEPLAN PRIMARY KEY (SAPL_NO)
);

CREATE TABLE SALE_ORDER_DETAIL (
 ROOM_TYPE_NO VARCHAR2(5) NOT NULL,
 SAPL_NO VARCHAR2(8) NOT NULL,
 CONSTRAINT PK_SALE_ORDER_DETAIL PRIMARY KEY (ROOM_TYPE_NO, SAPL_NO),
 CONSTRAINT FK_SODE_ROOM_TYPE FOREIGN KEY (ROOM_TYPE_NO) REFERENCES ROOM_TYPE (ROOM_TYPE_NO),
 CONSTRAINT FK_SODE_SALEPLAN FOREIGN KEY (SAPL_NO) REFERENCES SALEPLAN (SAPL_NO)
);
CREATE TABLE BOOKING_ORDER_MASTER (
 B_ORDER_NO VARCHAR2(15) NOT NULL,
 CUS_ID VARCHAR2(10) NOT NULL,
 TOTAL_PRICE NUMBER(7),
 START_DATE DATE NOT NULL,
 END_DATE DATE NOT NULL,
 CO_TIME DATE ,--存入checkout時間，同時運算要加付的金額
 ORDER_DATE DATE DEFAULT SYSDATE,
 STATUS NUMBER(1),
 CONSTRAINT PK_BOOKING_ORDER_MASTER PRIMARY KEY (B_ORDER_NO),
 CONSTRAINT FK_BOMA_CUSTOMER FOREIGN KEY (CUS_ID) REFERENCES CUSTOMER (CUS_ID)
);


CREATE TABLE ROOM (
 ROOM_ID VARCHAR2(5) NOT NULL,
 ROOM_TYPE_NO VARCHAR2(5) NOT NULL,
 ROOM_NO VARCHAR2(3) NOT NULL,
 ROOM_STATUS NUMBER(2) DEFAULT 0 NOT NULL,
 CLEAN_STATUS NUMBER(2) DEFAULT 1 NOT NULL,
 CUS_ID VARCHAR2(10),
 TENANT_NAME VARCHAR2(10),
 TENANT_PHONE VARCHAR2(10),
 B_ORDER_NO VARCHAR2(15),
 CONSTRAINT PK_ROOM PRIMARY KEY (ROOM_ID),
 CONSTRAINT FK_ROOM_ROOM_TYPE FOREIGN KEY (ROOM_TYPE_NO) REFERENCES ROOM_TYPE (ROOM_TYPE_NO),
 CONSTRAINT FK_ROOM_CUSTOMER FOREIGN KEY (CUS_ID) REFERENCES CUSTOMER (CUS_ID),
 CONSTRAINT FK_ROOM_BOOKING_ORDER_MASTER FOREIGN KEY (B_ORDER_NO) REFERENCES BOOKING_ORDER_MASTER (B_ORDER_NO)
);



--CREATE TABLE BOOKING_ORDER_MASTER (
-- B_ORDER_NO VARCHAR2(10) NOT NULL,
-- CUS_ID VARCHAR2(10) NOT NULL,
-- CONSTRAINT PK_BOOKING_ORDER_MASTER PRIMARY KEY (B_ORDER_NO),
-- CONSTRAINT FK_BOMA_CUSTOMER FOREIGN KEY (CUS_ID) REFERENCES CUSTOMER (CUS_ID)
--);

--刪除明細編號與房間編號 更改PK為訂單編號加房型的雙主鍵
CREATE TABLE BOOKING_ORDER_DETAIL (
 B_ORDER_NO VARCHAR2(15) NOT NULL,
 ROOM_TYPE_NO VARCHAR2(5) NOT NULL,
 QUANTITY NUMBER(3) NOT NULL,
 TOTAL_ADD_PEOPLE NUMBER(2) DEFAULT 0 NOT NULL,
 PRICE NUMBER(7) NOT NULL,
 
 CONSTRAINT PK_BOOKING_ORDER_DETAIL PRIMARY KEY (B_ORDER_NO, ROOM_TYPE_NO),
 CONSTRAINT FK_BODE_BOOKING_ORDER_MASTER FOREIGN KEY (B_ORDER_NO) REFERENCES BOOKING_ORDER_MASTER (B_ORDER_NO),
 CONSTRAINT FK_BODE_ROOM_TYPE FOREIGN KEY (ROOM_TYPE_NO) REFERENCES ROOM_TYPE (ROOM_TYPE_NO)
);

--CREATE TABLE BOOKING_ORDER_DETAIL (
-- B_ORDER_DETAIL_NO VARCHAR2(10) NOT NULL,
-- B_ORDER_NO VARCHAR2(10) NOT NULL,
-- ROOM_TYPE_NO VARCHAR2(5) NOT NULL,
-- ROOM_ID VARCHAR2(5),
-- QUANTITY NUMBER(3) NOT NULL,
-- TOTAL_PRICE VARCHAR2(5) NOT NULL,
-- START_DATE DATE NOT NULL,
-- END_DATE DATE NOT NULL,
-- CONSTRAINT PK_BOOKING_ORDER_DETAIL PRIMARY KEY (B_ORDER_DETAIL_NO),
-- CONSTRAINT FK_BODE_BOOKING_ORDER_MASTER FOREIGN KEY (B_ORDER_NO) REFERENCES BOOKING_ORDER_MASTER (B_ORDER_NO),
-- CONSTRAINT FK_BODE_ROOM_TYPE FOREIGN KEY (ROOM_TYPE_NO) REFERENCES ROOM_TYPE (ROOM_TYPE_NO),
-- CONSTRAINT FK_BODE_ROOM FOREIGN KEY (ROOM_ID) REFERENCES ROOM (ROOM_ID)
--);


-- Create MEAL_ORDER FUNCTION Table --
--CREATE TABLE RESTAURANT (
-- RES_NO VARCHAR2(10) NOT NULL,
-- RES_NAME VARCHAR2(15) NOT NULL,
-- RES_CONTACT VARCHAR2(15) NOT NULL,
-- RES_PHONE NUMBER(10) NOT NULL,
-- CONSTRAINT PK_RESTAURANT PRIMARY KEY (RES_NO)
--);

CREATE TABLE RESTAURANT (
 RES_NO VARCHAR2(10) NOT NULL,
 RES_NAME VARCHAR2(15) NOT NULL,
 TOTAL_SEATS NUMBER(3) NOT NULL,
 RES_CONTACT VARCHAR2(15) NOT NULL,
 RES_PHONE VARCHAR2(10) NOT NULL,
 RES_STATUS NUMBER(1) NOT NULL,
 CONSTRAINT PK_RESTAURANT PRIMARY KEY (RES_NO)
);

CREATE TABLE EMP_RESTAURANT (
    EMP_ID VARCHAR2(10) NOT NULL,
    RES_NO VARCHAR2(10) NOT NULL,
    
     CONSTRAINT PK_EMP_RESTAURANT PRIMARY KEY (EMP_ID, RES_NO),
     CONSTRAINT FK_EMRE_EMPLOYEE FOREIGN KEY (EMP_ID) REFERENCES EMPLOYEE (EMP_ID),
     CONSTRAINT FK_EMRE_EMPLOYEE_RES_NO FOREIGN KEY (RES_NO) REFERENCES RESTAURANT (RES_NO)
);

CREATE TABLE MEAL_TYPE (            
 MEAL_TYPE_NO VARCHAR2(10) NOT NULL,
 TYPE_NAME VARCHAR2(15) NOT NULL,
 CONSTRAINT PK_MEAL_TYPE PRIMARY KEY (MEAL_TYPE_NO)
);


CREATE TABLE MEAL (
 MEAL_NO VARCHAR2(10) NOT NULL,
 RES_NO VARCHAR2(10) NOT NULL,
 MEAL_TYPE_NO VARCHAR2(10) NOT NULL,
 PRICE NUMBER(10) NOT NULL,
 MEAL_NAME VARCHAR2(50) NOT NULL,
 MEAL_INTRODUCTION CLOB,
 MEAL_DATE DATE DEFAULT SYSDATE NOT NULL,
 MEAL_STATUS NUMBER(1) NOT NULL,
 MEAL_PICTURE BLOB,
 CONSTRAINT PK_MEAL PRIMARY KEY (MEAL_NO),
 CONSTRAINT FK_MEAL_RESTAURANT FOREIGN KEY (RES_NO) REFERENCES RESTAURANT (RES_NO),
 CONSTRAINT FK_MEAL_MEAL_TYPE_NO FOREIGN KEY (MEAL_TYPE_NO) REFERENCES MEAL_TYPE (MEAL_TYPE_NO)
);



CREATE TABLE MEAL_PICTURE (
 MEAL_PICTURE_NO  VARCHAR2(10) NOT NULL,
 MEAL_NO VARCHAR2(10) NOT NULL,
 MEAL_PIC BLOB NOT NULL,
 CONSTRAINT PK_MEAL_PICTURE PRIMARY KEY (MEAL_PICTURE_NO),
 CONSTRAINT FK_MEPI_MEAL_NO FOREIGN KEY (MEAL_NO) REFERENCES MEAL (MEAL_NO)
);

CREATE TABLE FAVORITE_MEAL (
 CUS_ID VARCHAR2(10) NOT NULL,
 MEAL_NO VARCHAR2(10) NOT NULL,
 CONSTRAINT PK_FAVORITE_MEAL PRIMARY KEY (CUS_ID,MEAL_NO),
 CONSTRAINT FK_FAVORITE_MEAL_CUSTOMER FOREIGN KEY (CUS_ID) REFERENCES CUSTOMER (CUS_ID),
 CONSTRAINT FK_FAME_MEAL_NO FOREIGN KEY (MEAL_NO) REFERENCES MEAL (MEAL_NO)
);

--餐廳用餐訂單
CREATE TABLE RES_MEAL_ORDER_MASTER (
 RES_MEAL_ORDER_NO VARCHAR2(17) NOT NULL,
 B_ORDER_NO VARCHAR2(15),  
 TABLE_NO NUMBER(3) NOT NULL,
 TOTAL_PRICE NUMBER(10),
 ORDER_DATE TIMESTAMP DEFAULT CURRENT_TIMESTAMP,
 ORDER_STATUS NUMBER(1) DEFAULT 1 NOT NULL,
 SPECIAL_REQUIREMENT VARCHAR2(200),
 CONSTRAINT PK_RES_MEAL_ORDER_MASTER PRIMARY KEY (RES_MEAL_ORDER_NO),
 CONSTRAINT FK_REMOM_BOOKING_ORDER_MASTER FOREIGN KEY (B_ORDER_NO) REFERENCES BOOKING_ORDER_MASTER (B_ORDER_NO)
);

CREATE TABLE RES_MEAL_ORDER_DETAIL (
 RES_MEAL_ORDER_NO VARCHAR2(17) NOT NULL,
 MEAL_NO VARCHAR2(10) NOT NULL,
 PRICE NUMBER(5) NOT NULL,
 QUANTITY NUMBER(3) NOT NULL,
 CONSTRAINT PK_RES_MEAL_ORDER_DETAIL PRIMARY KEY (RES_MEAL_ORDER_NO, MEAL_NO),
 CONSTRAINT FK_REMOD_RES_MEAL_ORDER_MASTER FOREIGN KEY (RES_MEAL_ORDER_NO) REFERENCES RES_MEAL_ORDER_MASTER (RES_MEAL_ORDER_NO),
 CONSTRAINT FK_REMOD_MEAL FOREIGN KEY (MEAL_NO) REFERENCES MEAL (MEAL_NO)
);

--客房訂餐訂單
CREATE TABLE ROOM_MEAL_ORDER_MASTER (
ROOM_MEAL_ORDER_NO VARCHAR2(16) NOT NULL,
B_ORDER_NO VARCHAR2(15),
ROOM_NO VARCHAR2(6) NOT NULL,
EMP_ID VARCHAR2(10),
TOTAL_PRICE NUMBER(10),
ORDER_DATE DATE DEFAULT SYSDATE NOT NULL,
RO_ORDER_STATUS NUMBER(1) DEFAULT 0,
SPECIAL_REQUIREMENT VARCHAR2(200),
CONSTRAINT PK_ROOM_MEAL_ORDER_MASTER PRIMARY KEY (ROOM_MEAL_ORDER_NO),
CONSTRAINT FK_RMOM_BOOKING_ORDER_MASTER FOREIGN KEY (B_ORDER_NO) REFERENCES BOOKING_ORDER_MASTER (B_ORDER_NO),
CONSTRAINT FK_RMOM_EMPLOYEE FOREIGN KEY(EMP_ID) REFERENCES EMPLOYEE (EMP_ID)
);


CREATE TABLE ROOM_MEAL_ORDER_DETAIL (
ROOM_MEAL_ORDER_NO VARCHAR2(16) NOT NULL,
MEAL_NO VARCHAR2(10) NOT NULL,
QUANTITY NUMBER(2) NOT NULL,
PRICE NUMBER(5) NOT NULL,
CONSTRAINT PK_ROOM_MEAL_ORDER_DETAIL PRIMARY KEY (ROOM_MEAL_ORDER_NO, MEAL_NO),
CONSTRAINT FK_RMOD_RM_MEAL_ORDER_MASTER FOREIGN KEY (ROOM_MEAL_ORDER_NO) REFERENCES ROOM_MEAL_ORDER_MASTER(ROOM_MEAL_ORDER_NO),
CONSTRAINT FK_RMOD_MEAL FOREIGN KEY(MEAL_NO) REFERENCES MEAL(MEAL_NO)
);

--新增用餐時段
CREATE TABLE RES_RESERVATION (
 RESERVATION_NO VARCHAR2(15) NOT NULL,
 CUS_ID VARCHAR2(10) NOT NULL,
 RES_NO VARCHAR2(10) NOT NULL,
 RESERVATION_DATE DATE DEFAULT SYSDATE NOT NULL,
 RESV_PERIOD NUMBER(2) NOT NULL,
 RESV_PEOPLE NUMBER(10) NOT NULL,
 RESV_STATUS NUMBER(1) DEFAULT 1 NOT NULL,
 CONSTRAINT PK_RES_RESERVATION PRIMARY KEY (RESERVATION_NO),
 CONSTRAINT FK_RERE_CUSTOMER FOREIGN KEY (CUS_ID) REFERENCES CUSTOMER (CUS_ID),
 CONSTRAINT FK_RERE_RESTAURANT FOREIGN KEY (RES_NO) REFERENCES RESTAURANT (RES_NO)
);
---
--CREATE TABLE RES_RESERVATION (
-- RESERVATION_NO VARCHAR2(10) NOT NULL,
-- CUS_ID VARCHAR2(10) NOT NULL,
-- RES_NO VARCHAR2(10) NOT NULL,
-- RESERVATION_DATE DATE NOT NULL,
-- RESV_PEOPLE NUMBER(10) NOT NULL,
-- CONSTRAINT PK_RES_RESERVATION PRIMARY KEY (RESERVATION_NO),
-- CONSTRAINT FK_RERE_CUSTOMER FOREIGN KEY (CUS_ID) REFERENCES CUSTOMER (CUS_ID),
-- CONSTRAINT FK_RERE_RESTAURANT FOREIGN KEY (RES_NO) REFERENCES RESTAURANT (RES_NO)
--);


CREATE TABLE RES_NOTICE (
 RES_NOTICE_NO VARCHAR2(10) NOT NULL,
 ROOM_MEAL_ORDER_NO VARCHAR2(15) NOT NULL,
 RES_NO VARCHAR2(10) NOT NULL,
 MESSAGE CLOB NOT NULL,
 NOTICE_DATE DATE DEFAULT SYSDATE NOT NULL,
 RES_NOTICE_STATUS NUMBER(1) DEFAULT 0 NOT NULL,
 CONSTRAINT PK_RES_NOTICE PRIMARY KEY (RES_NOTICE_NO),
 CONSTRAINT FK_RENO_RESTAURANT FOREIGN KEY (RES_NO) REFERENCES RESTAURANT (RES_NO),
 CONSTRAINT FK_RENO_MEAL_ORDER_MASTER FOREIGN KEY (ROOM_MEAL_ORDER_NO) REFERENCES ROOM_MEAL_ORDER_MASTER (ROOM_MEAL_ORDER_NO)
);

--員工通知 把"房間編號"改為"房號"
CREATE TABLE EMP_NOTICE (
 EMP_NOTICE_NO VARCHAR2(10) NOT NULL,
 EMP_ID VARCHAR2(10) NOT NULL,
 ROOM_NO VARCHAR2(3) NOT NULL,
 ROOM_MEAL_ORDER_NO VARCHAR2(15) NOT NULL,
 MESSAGE VARCHAR2(200) NOT NULL,
 NOTICE_DATE DATE DEFAULT SYSDATE NOT NULL,
 EMP_NOTICE_STATUS NUMBER(1) DEFAULT 0 NOT NULL,
 CONSTRAINT PK_EMP_NOTICE PRIMARY KEY (EMP_NOTICE_NO),
 CONSTRAINT FK_EMNO_EMPLOYEE FOREIGN KEY (EMP_ID) REFERENCES EMPLOYEE (EMP_ID),
 CONSTRAINT FK_EMNO_ROOM_MEAL_ORDER_MASTER FOREIGN KEY (ROOM_MEAL_ORDER_NO) REFERENCES ROOM_MEAL_ORDER_MASTER (ROOM_MEAL_ORDER_NO)
 
);
---------------------------------------------------------------


--SAVEPOINT point01;--表格都建好了
--ROLLBACK TO SAVEPOINT point01;

--SAVEPOINT point02;--測試流水號
--ROLLBACK TO SAVEPOINT point02;
--SET AUTOcommit OFF;
--CURRENT_TIMESTAMP
--圖片的部分都不先insert進去

ALTER SESSION SET NLS_DATE_FORMAT = 'yyyy-mm-dd';

------------------------------------------------------------------------------------------------------------
--會員
 
DROP SEQUENCE SEQ_CUS_ID;
CREATE SEQUENCE SEQ_CUS_ID;
  
Insert into CUSTOMER (CUS_ID,CUS_NAME,CUS_EMAIL,CUS_CEL,COUNTRY,ID_NUM,CUS_BIR,CUS_PASSWORD,CUS_CK,CAPTCHA) 
        values ('CUS'||TO_CHAR(SEQ_CUS_ID.nextval,'FM0000000'),'魯夫','Luffy@gmail.com','0912345678',1,'A123456789',to_date('2001-02-19','yyyy-mm-dd'),'123456',1,'B5EW01');
Insert into CUSTOMER (CUS_ID,CUS_NAME,CUS_EMAIL,CUS_CEL,COUNTRY,ID_NUM,CUS_BIR,CUS_PASSWORD,CUS_CK,CAPTCHA) 
        values ('CUS'||TO_CHAR(SEQ_CUS_ID.nextval,'FM0000000'),'紅髮傑克','Shanks@gmail.com','0945645645',1,'A122222222',to_date('1990-02-19','yyyy-mm-dd'),'123456',1,'A521DS');
Insert into CUSTOMER (CUS_ID,CUS_NAME,CUS_EMAIL,CUS_CEL,COUNTRY,ID_NUM,CUS_BIR,CUS_PASSWORD,CUS_CK,CAPTCHA) 
        values ('CUS'||TO_CHAR(SEQ_CUS_ID.nextval,'FM0000000'),'白鬍子','WhiteBeard@gmail.com','0978945612',0,'G120987655',to_date('1980-02-19','yyyy-mm-dd'),'754673',1,'IU65F3');
Insert into CUSTOMER (CUS_ID,CUS_NAME,CUS_EMAIL,CUS_CEL,COUNTRY,ID_NUM,CUS_BIR,CUS_PASSWORD,CUS_CK,CAPTCHA) 
        values ('CUS'||TO_CHAR(SEQ_CUS_ID.nextval,'FM0000000'),'羅賓','Robin@gmail.com','0912245579',0,'X229753088',to_date('2005-02-19','yyyy-mm-dd'),'4563456',1,'CF574A');
Insert into CUSTOMER (CUS_ID,CUS_NAME,CUS_EMAIL,CUS_CEL,COUNTRY,ID_NUM,CUS_BIR,CUS_PASSWORD,CUS_CK,CAPTCHA) 
        values ('CUS'||TO_CHAR(SEQ_CUS_ID.nextval,'FM0000000'),'多拉格','Dragon@gmail.com','0945545546',0,'C228518521',to_date('1990-02-19','yyyy-mm-dd'),'834685',1,'WE8Q74');
Insert into CUSTOMER (CUS_ID,CUS_NAME,CUS_EMAIL,CUS_CEL,COUNTRY,ID_NUM,CUS_BIR,CUS_PASSWORD,CUS_CK,CAPTCHA) 
        values ('CUS'||TO_CHAR(SEQ_CUS_ID.nextval,'FM0000000'),'波雅·漢考克','BoaHancock@gmail.com','0978845513',1,'D227283954',to_date('1940-02-19','yyyy-mm-dd'),'54634563',1,'TR5SA3');

--SELECT COUNT(*) FROM CUSTOMER;
------------------------------------------------------------------------------------------------------------
--
DROP SEQUENCE SEQ_CUS_NOTICE_NO;
CREATE SEQUENCE SEQ_CUS_NOTICE_NO;

INSERT INTO cus_notice 
( cus_notice_no, cus_id, message,  message_status)
VALUES ( 'CUSNO'||TO_CHAR(SEQ_CUS_NOTICE_NO.nextval,'FM00000'), 'CUS0000001',
'今日於會員大廳，將有兒童互動活動，歡迎各位旅客參加', 1);
--總共存了600個字
INSERT INTO cus_notice 
(cus_notice_no, cus_id, message,  message_status)
VALUES  ( 'CUSNO'||TO_CHAR(SEQ_CUS_NOTICE_NO.nextval,'FM00000'),
'CUS0000002','JUST A MESSAGE', 1);
------------------------------------------------------------------------------------------------------------
--最新消息
DROP SEQUENCE SEQ_NEWS_NO;
CREATE SEQUENCE SEQ_NEWS_NO;
INSERT INTO NEWS(NEWS_NO, NEWS_CONTENT, NEWS_STATUS)
VALUES('NEWS'||TO_CHAR(SEQ_NEWS_NO.nextval,'FM000000'),'疾病管制署公布國內今(2020)年第2例境外移入茲卡病毒感染症確定病例，為南部20多歲馬來西亞籍男學生，1月16日至3月8日獨自返回馬來西亞探親，3月7日出現發燒症狀於當地診所就醫，8日返國時因曾有症狀，經機場檢疫站送驗新型冠狀病毒檢驗陰性，3月10日有全身紅疹、喉嚨痛等症狀，3月11日就醫後通報茲卡病毒感染症，經檢驗確診；目前個案症狀已改善，相關接觸者無疑似症狀，地方衛生單位已至個案活動地進行孳生源清除及化學防治，並給予個案及接觸者「1+6原則」衛教。

我國自2016年迄今共確診26例茲卡病毒感染症病例，均為境外移入，感染地多為東南亞國家，分別為越南及泰國各6例、緬甸及馬來西亞各3例、菲律賓2例，印尼、新加坡、聖露西亞、聖文森及格瑞那丁、美國(佛羅里達州邁阿密)及安哥拉各1例。2016至2020年病例數分別為13、4、3、4及2例。',1);


Insert into NEWS (NEWS_NO,NEWS_CONTENT,NEWS_STATUS)
values ('NEWS'||LPAD(to_char(SEQ_NEWS_NO.NEXTVAL),6, '0'),'疾病管制署公布國內今(2020)年第2例境外移入茲卡病毒感染症確定病例，為南部20多歲馬來西亞籍男學生，1月16日至3月8日獨自返回馬來西亞探親，3月7日出現發燒症狀於當地診所就醫，8日返國時因曾有症狀，經機場檢疫站送驗新型冠狀病毒檢驗陰性，3月10日有全身紅疹、喉嚨痛等症狀，3月11日就醫後通報茲卡病毒感染症，經檢驗確診；目前個案症狀已改善，相關接觸者無疑似症狀，地方衛生單位已至個案活動地進行孳生源清除及化學防治，並給予個案及接觸者「1+6原則」衛教。
我國自2016年迄今共確診26例茲卡病毒感染症病例，均為境外移入，感染地多為東南亞國家，分別為越南及泰國各6例、緬甸及馬來西亞各3例、菲律賓2例，印尼、新加坡、聖露西亞、聖文森及格瑞那丁、美國(佛羅里達州邁阿密)及安哥拉各1例。2016至2020年病例數分別為13、4、3、4及2例。','1');

Insert into NEWS (NEWS_NO,NEWS_CONTENT,NEWS_STATUS)
values ('NEWS'||LPAD(to_char(SEQ_NEWS_NO.NEXTVAL),6, '0'),'親愛的旅客，因應防範武漢肺炎，臺中市政府觀光局發佈公告，
旅館業者須「主動」為入住旅客測量額溫，敬請各位旅客配合，感謝。【自我保護好疫情免煩惱】
【好好保護自己也能保護別人】1. 肥皂勤洗手，減少觸摸眼鼻口  
2. 出入醫院、公共場所或密閉空間配戴口罩 3. 發燒、咳嗽或呼吸急促等症狀，務必在家休息，不要到公共場所','1');

Insert into NEWS (NEWS_NO,NEWS_CONTENT,NEWS_STATUS)
values ('NEWS'||LPAD(to_char(SEQ_NEWS_NO.NEXTVAL),6, '0'),'為落實防疫工作，並保障所有住客權益，即日起，預訂入住來賓具衛福部疾管署公告「嚴重特殊傳染性肺炎」國籍/地區身分，或於14天內有相關旅遊/轉機史之旅客，或入住時有發燒、咳嗽等症狀者，本飯店有權不予入住。敬請理解，並感謝您的配合。','1');

------------------------------------------------------------------------------------------------------------
--部門
DROP SEQUENCE SEQ_DEP_NO;
CREATE SEQUENCE SEQ_DEP_NO;
INSERT INTO DEPARTMENT(DEP_NO, DEP_NAME)
VALUES('DEP'||TO_CHAR(SEQ_DEP_NO.nextval,'FM00'),'餐飲部');
INSERT INTO DEPARTMENT(DEP_NO, DEP_NAME)
VALUES('DEP'||TO_CHAR(SEQ_DEP_NO.nextval,'FM00'),'客房部');
INSERT INTO DEPARTMENT(DEP_NO, DEP_NAME)
VALUES('DEP'||TO_CHAR(SEQ_DEP_NO.nextval,'FM00'),'休閒部');
------------------------------------------------------------------------------------------------------------
--員工
DROP SEQUENCE SEQ_EMPLOYEE_ID;
CREATE SEQUENCE SEQ_EMPLOYEE_ID;

INSERT INTO employee (emp_id, dep_no, emp_name,  emp_phone,
    emp_email, emp_password, emp_status) 
VALUES ('EMP'||TO_CHAR(SEQ_EMPLOYEE_ID.nextval,'FM0000000'),'DEP01','狸克',
0912345678,'Limberger1@gmail.com','123456',1);
INSERT INTO employee (emp_id, dep_no, emp_name,  emp_phone,
    emp_email, emp_password, emp_status) 
VALUES ('EMP'||TO_CHAR(SEQ_EMPLOYEE_ID.nextval,'FM0000000'),'DEP02','豆狸',
0912345678,'Limberger2@gmail.com','123456',1);
INSERT INTO employee (emp_id, dep_no, emp_name,  emp_phone,
    emp_email, emp_password, emp_status) 
VALUES ('EMP'||TO_CHAR(SEQ_EMPLOYEE_ID.nextval,'FM0000000'),'DEP03','粒狸',
0912345678,'Limberger3@gmail.com','123456',1);
INSERT INTO employee (emp_id, dep_no, emp_name,  emp_phone,
    emp_email, emp_password, emp_status) 
VALUES ('EMP'||TO_CHAR(SEQ_EMPLOYEE_ID.nextval,'FM0000000'),'DEP01','貝里歐',
0912345678,'Limberger4@gmail.com','123456',1);
INSERT INTO employee (emp_id, dep_no, emp_name,  emp_phone,
    emp_email, emp_password, emp_status) 
VALUES ('EMP'||TO_CHAR(SEQ_EMPLOYEE_ID.nextval,'FM0000000'),'DEP02','貝莉可',
0912345678,'Limberger5@gmail.com','123456',1);
INSERT INTO employee (emp_id, dep_no, emp_name,  emp_phone,
    emp_email, emp_password, emp_status) 
VALUES ('EMP'||TO_CHAR(SEQ_EMPLOYEE_ID.nextval,'FM0000000'),'DEP03','西施惠',
0912345678,'Limberger6@gmail.com','123456',1);
INSERT INTO employee (emp_id, dep_no, emp_name,  emp_phone,
    emp_email, emp_password, emp_status) 
VALUES ('EMP'||TO_CHAR(SEQ_EMPLOYEE_ID.nextval,'FM0000000'),'DEP01','傅達',
0912345678,'Limberger7@gmail.com','123456',1);
INSERT INTO employee (emp_id, dep_no, emp_name,  emp_phone,
    emp_email, emp_password, emp_status) 
VALUES ('EMP'||TO_CHAR(SEQ_EMPLOYEE_ID.nextval,'FM0000000'),'DEP02','老闆',
0912345678,'Limberger8@gmail.com','123456',1);
INSERT INTO employee (emp_id, dep_no, emp_name,  emp_phone,
    emp_email, emp_password, emp_status) 
VALUES ('EMP'||TO_CHAR(SEQ_EMPLOYEE_ID.nextval,'FM0000000'),'DEP03','絹兒',
0912345678,'Limberger9@gmail.com','123456',1);
INSERT INTO employee (emp_id, dep_no, emp_name,  emp_phone,
    emp_email, emp_password, emp_status) 
VALUES ('EMP'||TO_CHAR(SEQ_EMPLOYEE_ID.nextval,'FM0000000'),'DEP03','麻兒',
0912345678,'Limberger10@gmail.com','123456',1);
INSERT INTO employee (emp_id, dep_no, emp_name,  emp_phone,
    emp_email, emp_password, emp_status) 
VALUES ('EMP'||TO_CHAR(SEQ_EMPLOYEE_ID.nextval,'FM0000000'),'DEP03','誠',
0912345678,'Limberger11@gmail.com','123456',1);
INSERT INTO employee (emp_id, dep_no, emp_name,  emp_phone,
    emp_email, emp_password, emp_status) 
VALUES ('EMP'||TO_CHAR(SEQ_EMPLOYEE_ID.nextval,'FM0000000'),'DEP02','莉莉',
0912345678,'Limberger12@gmail.com','123456',0);
INSERT INTO employee (emp_id, dep_no, emp_name,  emp_phone,
    emp_email, emp_password, emp_status) 
VALUES ('EMP'||TO_CHAR(SEQ_EMPLOYEE_ID.nextval,'FM0000000'),'DEP02','莫尼卡',
0912345678,'Limberger13@gmail.com','123456',1);
INSERT INTO employee (emp_id, dep_no, emp_name,  emp_phone,
    emp_email, emp_password, emp_status) 
VALUES ('EMP'||TO_CHAR(SEQ_EMPLOYEE_ID.nextval,'FM0000000'),'DEP01','啞鈴',
0912345678,'Limberger14@gmail.com','123456',1);
INSERT INTO employee (emp_id, dep_no, emp_name,  emp_phone,
    emp_email, emp_password, emp_status) 
VALUES ('EMP'||TO_CHAR(SEQ_EMPLOYEE_ID.nextval,'FM0000000'),'DEP01','熊貓',
0912345678,'Limberger15@gmail.com','123456',0);

------------------------------------------------------------------------------------------------------------
--功能
DROP SEQUENCE SEQ_FEATURE;
CREATE SEQUENCE SEQ_FEATURE;
INSERT INTO FEATURE (FEAT_NO, FEAT_NAME) 
VALUES ( 'F'||TO_CHAR(SEQ_FEATURE.NEXTVAL,'FM0000'), '首頁管理');
INSERT INTO FEATURE (FEAT_NO, FEAT_NAME) 
VALUES ( 'F'||TO_CHAR(SEQ_FEATURE.NEXTVAL,'FM0000'), '房務管理');
INSERT INTO FEATURE (FEAT_NO, FEAT_NAME) 
VALUES ( 'F'||TO_CHAR(SEQ_FEATURE.NEXTVAL,'FM0000'), '訂房管理');
INSERT INTO FEATURE (FEAT_NO, FEAT_NAME) 
VALUES ( 'F'||TO_CHAR(SEQ_FEATURE.NEXTVAL,'FM0000'), '訂餐管理');
INSERT INTO FEATURE (FEAT_NO, FEAT_NAME) 
VALUES ( 'F'||TO_CHAR(SEQ_FEATURE.NEXTVAL,'FM0000'), '會員管理');
INSERT INTO FEATURE (FEAT_NO, FEAT_NAME) 
VALUES ( 'F'||TO_CHAR(SEQ_FEATURE.NEXTVAL,'FM0000'), '雇員管理');
INSERT INTO FEATURE (FEAT_NO, FEAT_NAME) 
VALUES ( 'F'||TO_CHAR(SEQ_FEATURE.NEXTVAL,'FM0000'), '檢舉管理');
INSERT INTO FEATURE (FEAT_NO, FEAT_NAME) 
VALUES ( 'F'||TO_CHAR(SEQ_FEATURE.NEXTVAL,'FM0000'), '日誌管理');
INSERT INTO FEATURE (FEAT_NO, FEAT_NAME) 
VALUES ( 'F'||TO_CHAR(SEQ_FEATURE.NEXTVAL,'FM0000'), '線上客服');
INSERT INTO FEATURE (FEAT_NO, FEAT_NAME) 
VALUES ( 'F'||TO_CHAR(SEQ_FEATURE.NEXTVAL,'FM0000'), '分析');
------------------------------------------------------------------------------------------------------------
--員工權限
INSERT INTO emp_authority ( emp_id, FEAT_NO) 
VALUES ('EMP0000001','F0001');
INSERT INTO emp_authority ( emp_id, FEAT_NO) 
VALUES ('EMP0000001','F0002');
INSERT INTO emp_authority ( emp_id, FEAT_NO) 
VALUES ('EMP0000001','F0003');
INSERT INTO emp_authority ( emp_id, FEAT_NO) 
VALUES ('EMP0000001','F0004');
INSERT INTO emp_authority ( emp_id, FEAT_NO) 
VALUES ('EMP0000001','F0005');
INSERT INTO emp_authority ( emp_id, FEAT_NO) 
VALUES ('EMP0000001','F0006');
INSERT INTO emp_authority ( emp_id, FEAT_NO) 
VALUES ('EMP0000001','F0007');
INSERT INTO emp_authority ( emp_id, FEAT_NO) 
VALUES ('EMP0000001','F0008');
INSERT INTO emp_authority ( emp_id, FEAT_NO) 
VALUES ('EMP0000001','F0009');
INSERT INTO emp_authority ( emp_id, FEAT_NO) 
VALUES ('EMP0000001','F0010');

INSERT INTO emp_authority ( emp_id, FEAT_NO) 
VALUES ('EMP0000002','F0001');
INSERT INTO emp_authority ( emp_id, FEAT_NO) 
VALUES ('EMP0000003','F0002');
INSERT INTO emp_authority ( emp_id, FEAT_NO) 
VALUES ('EMP0000004','F0003');
INSERT INTO emp_authority ( emp_id, FEAT_NO) 
VALUES ('EMP0000005','F0004');
INSERT INTO emp_authority ( emp_id, FEAT_NO) 
VALUES ('EMP0000006','F0001');
INSERT INTO emp_authority ( emp_id, FEAT_NO) 
VALUES ('EMP0000007','F0008');
INSERT INTO emp_authority ( emp_id, FEAT_NO) 
VALUES ('EMP0000008','F0001');
INSERT INTO emp_authority ( emp_id, FEAT_NO) 
VALUES ('EMP0000009','F0001');
INSERT INTO emp_authority ( emp_id, FEAT_NO) 
VALUES ('EMP0000010','F0010');
------------------------------------------------------------------------------------------------------------
--房型
DROP SEQUENCE SEQ_ROOM_TYPE_NO;
CREATE SEQUENCE SEQ_ROOM_TYPE_NO;

INSERT INTO room_type (room_type_no, room_type_name, article, quantity,
person_capacity, add_people, price, HOLIDAY_PRICE, WORKINGDAY_PRICE,  total_people) 
VALUES ('RT'||TO_CHAR(SEQ_ROOM_TYPE_NO.NEXTVAL,'FM000'), '豪華雙人房',
    '溫馨精緻的擺設，搭配和諧設計線條，呈現歐式風格，大面積落地窗景可眺望窗外，提供身心舒壓的美好假期。', 10, 2, 1,  3000, 2500,2000,  3);

INSERT INTO room_type (room_type_no,room_type_name,article,quantity,
    person_capacity, add_people, price, HOLIDAY_PRICE, WORKINGDAY_PRICE, total_people) 
VALUES (('RT'||TO_CHAR(SEQ_ROOM_TYPE_NO.NEXTVAL,'FM000')) ,'陽光雙人房','隨日落投影在成熟且溫暖的居住空間內，讓您置身在閒雲野鶴間又能溫熱疲憊已久的心房。',5,2,1,2000, 1500,1800 , 3);

INSERT INTO room_type (room_type_no,room_type_name,article,quantity,
    person_capacity, add_people, price, HOLIDAY_PRICE, WORKINGDAY_PRICE, total_people) 
VALUES (('RT'||TO_CHAR(SEQ_ROOM_TYPE_NO.NEXTVAL,'FM000')) ,'碧水雙床房','寧靜且富饒的漁村景致，讓您滿足且貪戀眼前所得到的感動雲影與湖光的交錯，
一踏入就捨不得離開的迷戀',5,2,0,2000, 1800, 1500,2);

INSERT INTO room_type (room_type_no,room_type_name,article,quantity,
    person_capacity, add_people, price, HOLIDAY_PRICE, WORKINGDAY_PRICE, total_people) 
VALUES (('RT'||TO_CHAR(SEQ_ROOM_TYPE_NO.NEXTVAL,'FM000')) ,'椰林雙人房','輕觸在悠然自得的湖光水色，一彈一指間的沈迷放肆與您眼前那一片垂手可得，徜徉伴您進入如夢似幻的甜美夢鄉。',8,2,0,3000, 2500, 2000, 2);

INSERT INTO room_type (room_type_no,room_type_name,article,quantity,
    person_capacity, add_people, price, HOLIDAY_PRICE, WORKINGDAY_PRICE, total_people) 
VALUES (('RT'||TO_CHAR(SEQ_ROOM_TYPE_NO.NEXTVAL,'FM000')) ,'珊瑚四人房','星空與山林伴隨文人雅士的詩文嚮宴，遠眺萬古千垂的大地之母，讓您讚賞不已的萬物之美。',5,4,2,4000,3500, 3000, 6);  

INSERT INTO room_type (room_type_no,room_type_name,article,quantity,
    person_capacity, add_people, price, HOLIDAY_PRICE, WORKINGDAY_PRICE, total_people) 
VALUES (('RT'||TO_CHAR(SEQ_ROOM_TYPE_NO.NEXTVAL,'FM000')) ,'輕舟四床房','房內以木質地板延伸至戶外的湖景嚮往，給您水天一色的釋然空間。
不僅看的更廣，心靈也跟著遼闊延伸無限彈性。',15,4,2,6000,5000, 4500, 6);  

INSERT INTO room_type (room_type_no,room_type_name,article,quantity,
    person_capacity, add_people, price, HOLIDAY_PRICE, WORKINGDAY_PRICE, total_people) 
VALUES (('RT'||TO_CHAR(SEQ_ROOM_TYPE_NO.NEXTVAL,'FM000')) ,'漁火單人房','只有您能放肆的享有這日月輝煌且獨一無二的尊爵景色，一房一廳的奢侈設計，給您營造結合出古典且超然設計的休閒空間。',20,1,0,1500, 1300,1000, 1);  

INSERT INTO room_type (room_type_no,room_type_name,article,quantity,
    person_capacity, add_people, price, HOLIDAY_PRICE, WORKINGDAY_PRICE, total_people) 
VALUES (('RT'||TO_CHAR(SEQ_ROOM_TYPE_NO.NEXTVAL,'FM000')) ,'白帆單人房','加大的空間體驗，加倍的幸福感受。',20,1,0,1800, 1500,1000 , 1);  


INSERT INTO room_type (room_type_no,room_type_name,article,quantity,
    person_capacity, add_people, price, HOLIDAY_PRICE, WORKINGDAY_PRICE, total_people) 
VALUES (('RT'||TO_CHAR(SEQ_ROOM_TYPE_NO.NEXTVAL,'FM000')) ,'船歌三床房','簡單純粹的設計，細心感受體貼服務。',12,3,1,4000, 3500,3000 , 4);  

INSERT INTO room_type (room_type_no,room_type_name,article,quantity,
    person_capacity, add_people, price, HOLIDAY_PRICE, WORKINGDAY_PRICE, total_people) 
VALUES (('RT'||TO_CHAR(SEQ_ROOM_TYPE_NO.NEXTVAL,'FM000')) ,'流雲三床房','三張床為您保留一點睡眠隱私；充分休息才能盡情享樂。',15,3,0,4000, 3000,2500 , 3);


INSERT INTO room_type (room_type_no,room_type_name,article,quantity,
    person_capacity, add_people, price, HOLIDAY_PRICE, WORKINGDAY_PRICE, total_people) 
VALUES (('RT'||TO_CHAR(SEQ_ROOM_TYPE_NO.NEXTVAL,'FM000')) ,'星河五人房','簡約的復古設計，悠遊府城氛圍。',5,5,1,5000, 4500, 4000, 6);  

INSERT INTO room_type (room_type_no,room_type_name,article,quantity,
    person_capacity, add_people, price, HOLIDAY_PRICE, WORKINGDAY_PRICE, total_people) 
VALUES (('RT'||TO_CHAR(SEQ_ROOM_TYPE_NO.NEXTVAL,'FM000')) ,'觀瀾五人房','和風設計空間，原木地板搭配榻榻米臥舖、精緻日式拉門、檜木裝潢，打造濃厚日式風情。',10,5,0,5500, 5000,4500 , 5);

INSERT INTO room_type (room_type_no,room_type_name,article,quantity,
    person_capacity, add_people, price, HOLIDAY_PRICE, WORKINGDAY_PRICE, total_people) 
VALUES (('RT'||TO_CHAR(SEQ_ROOM_TYPE_NO.NEXTVAL,'FM000')) ,'晨曦六床房','一客廳、一寢間，無障礙友善空間規劃。',10,6,0,6000,5500,4500 , 6);  

INSERT INTO room_type (room_type_no,room_type_name,article,quantity,
    person_capacity, add_people, price, HOLIDAY_PRICE, WORKINGDAY_PRICE, total_people) 
VALUES (('RT'||TO_CHAR(SEQ_ROOM_TYPE_NO.NEXTVAL,'FM000')) ,'披星六人房','無拘束的空間感，解放渴望自由的靈魂。',15,6,0,8000, 7000,6000 ,  6);


--SELECT COUNT(*) FROM ROOM_TYPE;
DROP SEQUENCE SEQ_ROOM_TYPE_PIC_NO;
CREATE SEQUENCE SEQ_ROOM_TYPE_PIC_NO;

------------------------------------------------------------------------------------------------------------
--訂房訂單
--SELECT TO_CHAR(SYSDATE)FROM DUAL;
DROP SEQUENCE SEQ_B_ORDER_NO;
CREATE SEQUENCE SEQ_B_ORDER_NO;

Insert into DA106G1.BOOKING_ORDER_MASTER (B_ORDER_NO,CUS_ID,TOTAL_PRICE,START_DATE,END_DATE,CO_TIME,ORDER_DATE,STATUS) values ('BM-20200511-001','CUS0000001',14000,to_date('2020-05-11','YYYY-MM-DD'),to_date('2020-05-13','YYYY-MM-DD'),to_date('2020-05-13','YYYY-MM-DD'),to_date('2020-05-11','YYYY-MM-DD'),2);
Insert into DA106G1.BOOKING_ORDER_MASTER (B_ORDER_NO,CUS_ID,TOTAL_PRICE,START_DATE,END_DATE,CO_TIME,ORDER_DATE,STATUS) values ('BM-20200512-001','CUS0000005',15200,to_date('2020-05-12','YYYY-MM-DD'),to_date('2020-05-14','YYYY-MM-DD'),null,to_date('2020-05-12','YYYY-MM-DD'),1);
Insert into DA106G1.BOOKING_ORDER_MASTER (B_ORDER_NO,CUS_ID,TOTAL_PRICE,START_DATE,END_DATE,CO_TIME,ORDER_DATE,STATUS) values ('BM-20200512-002','CUS0000003',21000,to_date('2020-05-12','YYYY-MM-DD'),to_date('2020-05-14','YYYY-MM-DD'),null,to_date('2020-05-12','YYYY-MM-DD'),1);
Insert into DA106G1.BOOKING_ORDER_MASTER (B_ORDER_NO,CUS_ID,TOTAL_PRICE,START_DATE,END_DATE,CO_TIME,ORDER_DATE,STATUS) values ('BM-20200512-003','CUS0000004',36000,to_date('2020-05-13','YYYY-MM-DD'),to_date('2020-05-14','YYYY-MM-DD'),null,to_date('2020-05-12','YYYY-MM-DD'),1);

--正確應該要寫這種流水號，因為餵假資料的關係先用死的資料
--INSERT INTO booking_order_master 
--    ( b_order_no, cus_id, total_price,start_date, end_date, status) 
--    VALUES ('BM-'||TO_CHAR(SYSDATE,'YYYYMMDD')||'-'||TO_CHAR(SEQ_B_ORDER_NO.NEXTVAL,'FM000'),'CUS0000001',7864,'2020-05-01','2020-05-02',0);

------------------------------------------------------------------------------------------------------------
--訂房明細

Insert into DA106G1.BOOKING_ORDER_DETAIL (B_ORDER_NO,ROOM_TYPE_NO,QUANTITY,TOTAL_ADD_PEOPLE,PRICE) values ('BM-20200511-001','RT007',3,0,6000);
Insert into DA106G1.BOOKING_ORDER_DETAIL (B_ORDER_NO,ROOM_TYPE_NO,QUANTITY,TOTAL_ADD_PEOPLE,PRICE) values ('BM-20200511-001','RT008',4,0,8000);
Insert into DA106G1.BOOKING_ORDER_DETAIL (B_ORDER_NO,ROOM_TYPE_NO,QUANTITY,TOTAL_ADD_PEOPLE,PRICE) values ('BM-20200512-001','RT001',2,0,8000);
Insert into DA106G1.BOOKING_ORDER_DETAIL (B_ORDER_NO,ROOM_TYPE_NO,QUANTITY,TOTAL_ADD_PEOPLE,PRICE) values ('BM-20200512-001','RT002',2,0,7200);
Insert into DA106G1.BOOKING_ORDER_DETAIL (B_ORDER_NO,ROOM_TYPE_NO,QUANTITY,TOTAL_ADD_PEOPLE,PRICE) values ('BM-20200512-002','RT005',2,0,12000);
Insert into DA106G1.BOOKING_ORDER_DETAIL (B_ORDER_NO,ROOM_TYPE_NO,QUANTITY,TOTAL_ADD_PEOPLE,PRICE) values ('BM-20200512-002','RT006',1,0,9000);
Insert into DA106G1.BOOKING_ORDER_DETAIL (B_ORDER_NO,ROOM_TYPE_NO,QUANTITY,TOTAL_ADD_PEOPLE,PRICE) values ('BM-20200512-003','RT011',2,2,9000);
Insert into DA106G1.BOOKING_ORDER_DETAIL (B_ORDER_NO,ROOM_TYPE_NO,QUANTITY,TOTAL_ADD_PEOPLE,PRICE) values ('BM-20200512-003','RT012',6,0,27000);

------------------------------------------------------------------------------------------------------------
--
DROP SEQUENCE SEQ_ROOM_TYPE_REV_NO;
CREATE SEQUENCE SEQ_ROOM_TYPE_REV_NO;
INSERT INTO room_type_rev (room_type_rev_no, room_type_no, rev) 
VALUES ('RTRV'||TO_CHAR(SEQ_ROOM_TYPE_REV_NO.NEXTVAL,'FM000000'),
'RT001','真的蠻豪華的');
------------------------------------------------------------------------------------
--訂房把優惠訂好之後，到底要怎麼自動判斷優惠啊?
DROP SEQUENCE SEQ_SALEPLAN;
CREATE SEQUENCE SEQ_SALEPLAN;
INSERT INTO SALEPLAN (sapl_no,sapl_name,detail,start_date, end_date, sapl_discount,status) 
VALUES ('SALP'||TO_CHAR(SEQ_SALEPLAN.NEXTVAL,'FM0000'),'春季優惠','雙人房一律9折',
    '2020-05-20',to_date('2020-05-22', 'yyyy-mm-dd'),0.9,1);
INSERT INTO SALEPLAN (sapl_no,sapl_name,detail,start_date,
                    end_date, sapl_discount,status) 
VALUES ('SALP'||TO_CHAR(SEQ_SALEPLAN.NEXTVAL,'FM0000'),'六月底優惠','四人房一律8折',
    '2020-05-25',to_date('2020-05-27', 'yyyy-mm-dd'),0.8,1);
---------------------------------------------------------------------
--房型優惠明細
INSERT INTO SALE_ORDER_DETAIL 
( room_type_no, sapl_no) 
VALUES ('RT001', 'SALP0001');
INSERT INTO SALE_ORDER_DETAIL 
( room_type_no, sapl_no) 
VALUES ('RT002', 'SALP0001');
INSERT INTO SALE_ORDER_DETAIL 
( room_type_no, sapl_no) 
VALUES ('RT003', 'SALP0001');
INSERT INTO SALE_ORDER_DETAIL 
( room_type_no, sapl_no) 
VALUES ('RT004', 'SALP0001');
INSERT INTO SALE_ORDER_DETAIL 
( room_type_no, sapl_no) 
VALUES ('RT005', 'SALP0002');
INSERT INTO SALE_ORDER_DETAIL 
( room_type_no, sapl_no) 
VALUES ('RT006', 'SALP0002');
------------------------------------------------------------------
--房間
DROP SEQUENCE SEQ_ROOM_ID;
CREATE SEQUENCE SEQ_ROOM_ID;
--------------------------------------------------------
--  File created - Wednesday-May-13-2020   
--------------------------------------------------------
Insert into DA106G1.ROOM (ROOM_ID,ROOM_TYPE_NO,ROOM_NO,ROOM_STATUS,CLEAN_STATUS,CUS_ID,TENANT_NAME,TENANT_PHONE,B_ORDER_NO) values ('RM'||TO_CHAR(SEQ_ROOM_ID.NEXTVAL,'FM000'),'RT001','101',1,1,'CUS0000005','多拉格','0945545546','BM-20200512-001');
Insert into DA106G1.ROOM (ROOM_ID,ROOM_TYPE_NO,ROOM_NO,ROOM_STATUS,CLEAN_STATUS,CUS_ID,TENANT_NAME,TENANT_PHONE,B_ORDER_NO) values ('RM'||TO_CHAR(SEQ_ROOM_ID.NEXTVAL,'FM000'),'RT001','102',1,1,'CUS0000005','多拉格','0945545546','BM-20200512-001');
Insert into DA106G1.ROOM (ROOM_ID,ROOM_TYPE_NO,ROOM_NO,ROOM_STATUS,CLEAN_STATUS,CUS_ID,TENANT_NAME,TENANT_PHONE,B_ORDER_NO) values ('RM'||TO_CHAR(SEQ_ROOM_ID.NEXTVAL,'FM000'),'RT001','103',0,1,null,null,null,null);
Insert into DA106G1.ROOM (ROOM_ID,ROOM_TYPE_NO,ROOM_NO,ROOM_STATUS,CLEAN_STATUS,CUS_ID,TENANT_NAME,TENANT_PHONE,B_ORDER_NO) values ('RM'||TO_CHAR(SEQ_ROOM_ID.NEXTVAL,'FM000'),'RT001','104',0,1,null,null,null,null);
Insert into DA106G1.ROOM (ROOM_ID,ROOM_TYPE_NO,ROOM_NO,ROOM_STATUS,CLEAN_STATUS,CUS_ID,TENANT_NAME,TENANT_PHONE,B_ORDER_NO) values ('RM'||TO_CHAR(SEQ_ROOM_ID.NEXTVAL,'FM000'),'RT001','105',0,1,null,null,null,null);
Insert into DA106G1.ROOM (ROOM_ID,ROOM_TYPE_NO,ROOM_NO,ROOM_STATUS,CLEAN_STATUS,CUS_ID,TENANT_NAME,TENANT_PHONE,B_ORDER_NO) values ('RM'||TO_CHAR(SEQ_ROOM_ID.NEXTVAL,'FM000'),'RT001','106',0,1,null,null,null,null);
Insert into DA106G1.ROOM (ROOM_ID,ROOM_TYPE_NO,ROOM_NO,ROOM_STATUS,CLEAN_STATUS,CUS_ID,TENANT_NAME,TENANT_PHONE,B_ORDER_NO) values ('RM'||TO_CHAR(SEQ_ROOM_ID.NEXTVAL,'FM000'),'RT001','107',0,1,null,null,null,null);
Insert into DA106G1.ROOM (ROOM_ID,ROOM_TYPE_NO,ROOM_NO,ROOM_STATUS,CLEAN_STATUS,CUS_ID,TENANT_NAME,TENANT_PHONE,B_ORDER_NO) values ('RM'||TO_CHAR(SEQ_ROOM_ID.NEXTVAL,'FM000'),'RT001','108',0,1,null,null,null,null);
Insert into DA106G1.ROOM (ROOM_ID,ROOM_TYPE_NO,ROOM_NO,ROOM_STATUS,CLEAN_STATUS,CUS_ID,TENANT_NAME,TENANT_PHONE,B_ORDER_NO) values ('RM'||TO_CHAR(SEQ_ROOM_ID.NEXTVAL,'FM000'),'RT001','109',0,1,null,null,null,null);
Insert into DA106G1.ROOM (ROOM_ID,ROOM_TYPE_NO,ROOM_NO,ROOM_STATUS,CLEAN_STATUS,CUS_ID,TENANT_NAME,TENANT_PHONE,B_ORDER_NO) values ('RM'||TO_CHAR(SEQ_ROOM_ID.NEXTVAL,'FM000'),'RT001','110',0,1,null,null,null,null);
Insert into DA106G1.ROOM (ROOM_ID,ROOM_TYPE_NO,ROOM_NO,ROOM_STATUS,CLEAN_STATUS,CUS_ID,TENANT_NAME,TENANT_PHONE,B_ORDER_NO) values ('RM'||TO_CHAR(SEQ_ROOM_ID.NEXTVAL,'FM000'),'RT002','111',1,1,'CUS0000005','多拉格','0945545546','BM-20200512-001');
Insert into DA106G1.ROOM (ROOM_ID,ROOM_TYPE_NO,ROOM_NO,ROOM_STATUS,CLEAN_STATUS,CUS_ID,TENANT_NAME,TENANT_PHONE,B_ORDER_NO) values ('RM'||TO_CHAR(SEQ_ROOM_ID.NEXTVAL,'FM000'),'RT002','112',1,1,'CUS0000005','多拉格','0945545546','BM-20200512-001');
Insert into DA106G1.ROOM (ROOM_ID,ROOM_TYPE_NO,ROOM_NO,ROOM_STATUS,CLEAN_STATUS,CUS_ID,TENANT_NAME,TENANT_PHONE,B_ORDER_NO) values ('RM'||TO_CHAR(SEQ_ROOM_ID.NEXTVAL,'FM000'),'RT002','113',0,1,null,null,null,null);
Insert into DA106G1.ROOM (ROOM_ID,ROOM_TYPE_NO,ROOM_NO,ROOM_STATUS,CLEAN_STATUS,CUS_ID,TENANT_NAME,TENANT_PHONE,B_ORDER_NO) values ('RM'||TO_CHAR(SEQ_ROOM_ID.NEXTVAL,'FM000'),'RT002','114',0,1,null,null,null,null);
Insert into DA106G1.ROOM (ROOM_ID,ROOM_TYPE_NO,ROOM_NO,ROOM_STATUS,CLEAN_STATUS,CUS_ID,TENANT_NAME,TENANT_PHONE,B_ORDER_NO) values ('RM'||TO_CHAR(SEQ_ROOM_ID.NEXTVAL,'FM000'),'RT002','115',0,1,null,null,null,null);
Insert into DA106G1.ROOM (ROOM_ID,ROOM_TYPE_NO,ROOM_NO,ROOM_STATUS,CLEAN_STATUS,CUS_ID,TENANT_NAME,TENANT_PHONE,B_ORDER_NO) values ('RM'||TO_CHAR(SEQ_ROOM_ID.NEXTVAL,'FM000'),'RT003','116',0,1,null,null,null,null);
Insert into DA106G1.ROOM (ROOM_ID,ROOM_TYPE_NO,ROOM_NO,ROOM_STATUS,CLEAN_STATUS,CUS_ID,TENANT_NAME,TENANT_PHONE,B_ORDER_NO) values ('RM'||TO_CHAR(SEQ_ROOM_ID.NEXTVAL,'FM000'),'RT003','117',0,1,null,null,null,null);
Insert into DA106G1.ROOM (ROOM_ID,ROOM_TYPE_NO,ROOM_NO,ROOM_STATUS,CLEAN_STATUS,CUS_ID,TENANT_NAME,TENANT_PHONE,B_ORDER_NO) values ('RM'||TO_CHAR(SEQ_ROOM_ID.NEXTVAL,'FM000'),'RT003','118',0,1,null,null,null,null);
Insert into DA106G1.ROOM (ROOM_ID,ROOM_TYPE_NO,ROOM_NO,ROOM_STATUS,CLEAN_STATUS,CUS_ID,TENANT_NAME,TENANT_PHONE,B_ORDER_NO) values ('RM'||TO_CHAR(SEQ_ROOM_ID.NEXTVAL,'FM000'),'RT003','119',0,1,null,null,null,null);
Insert into DA106G1.ROOM (ROOM_ID,ROOM_TYPE_NO,ROOM_NO,ROOM_STATUS,CLEAN_STATUS,CUS_ID,TENANT_NAME,TENANT_PHONE,B_ORDER_NO) values ('RM'||TO_CHAR(SEQ_ROOM_ID.NEXTVAL,'FM000'),'RT003','120',0,1,null,null,null,null);
Insert into DA106G1.ROOM (ROOM_ID,ROOM_TYPE_NO,ROOM_NO,ROOM_STATUS,CLEAN_STATUS,CUS_ID,TENANT_NAME,TENANT_PHONE,B_ORDER_NO) values ('RM'||TO_CHAR(SEQ_ROOM_ID.NEXTVAL,'FM000'),'RT004','201',0,1,null,null,null,null);
Insert into DA106G1.ROOM (ROOM_ID,ROOM_TYPE_NO,ROOM_NO,ROOM_STATUS,CLEAN_STATUS,CUS_ID,TENANT_NAME,TENANT_PHONE,B_ORDER_NO) values ('RM'||TO_CHAR(SEQ_ROOM_ID.NEXTVAL,'FM000'),'RT004','202',0,1,null,null,null,null);
Insert into DA106G1.ROOM (ROOM_ID,ROOM_TYPE_NO,ROOM_NO,ROOM_STATUS,CLEAN_STATUS,CUS_ID,TENANT_NAME,TENANT_PHONE,B_ORDER_NO) values ('RM'||TO_CHAR(SEQ_ROOM_ID.NEXTVAL,'FM000'),'RT004','203',0,1,null,null,null,null);
Insert into DA106G1.ROOM (ROOM_ID,ROOM_TYPE_NO,ROOM_NO,ROOM_STATUS,CLEAN_STATUS,CUS_ID,TENANT_NAME,TENANT_PHONE,B_ORDER_NO) values ('RM'||TO_CHAR(SEQ_ROOM_ID.NEXTVAL,'FM000'),'RT004','204',0,1,null,null,null,null);
Insert into DA106G1.ROOM (ROOM_ID,ROOM_TYPE_NO,ROOM_NO,ROOM_STATUS,CLEAN_STATUS,CUS_ID,TENANT_NAME,TENANT_PHONE,B_ORDER_NO) values ('RM'||TO_CHAR(SEQ_ROOM_ID.NEXTVAL,'FM000'),'RT004','205',0,1,null,null,null,null);
Insert into DA106G1.ROOM (ROOM_ID,ROOM_TYPE_NO,ROOM_NO,ROOM_STATUS,CLEAN_STATUS,CUS_ID,TENANT_NAME,TENANT_PHONE,B_ORDER_NO) values ('RM'||TO_CHAR(SEQ_ROOM_ID.NEXTVAL,'FM000'),'RT004','206',0,1,null,null,null,null);
Insert into DA106G1.ROOM (ROOM_ID,ROOM_TYPE_NO,ROOM_NO,ROOM_STATUS,CLEAN_STATUS,CUS_ID,TENANT_NAME,TENANT_PHONE,B_ORDER_NO) values ('RM'||TO_CHAR(SEQ_ROOM_ID.NEXTVAL,'FM000'),'RT004','207',0,1,null,null,null,null);
Insert into DA106G1.ROOM (ROOM_ID,ROOM_TYPE_NO,ROOM_NO,ROOM_STATUS,CLEAN_STATUS,CUS_ID,TENANT_NAME,TENANT_PHONE,B_ORDER_NO) values ('RM'||TO_CHAR(SEQ_ROOM_ID.NEXTVAL,'FM000'),'RT004','208',0,1,null,null,null,null);
Insert into DA106G1.ROOM (ROOM_ID,ROOM_TYPE_NO,ROOM_NO,ROOM_STATUS,CLEAN_STATUS,CUS_ID,TENANT_NAME,TENANT_PHONE,B_ORDER_NO) values ('RM'||TO_CHAR(SEQ_ROOM_ID.NEXTVAL,'FM000'),'RT005','209',1,1,'CUS0000003','白鬍子','0978945612','BM-20200512-002');
Insert into DA106G1.ROOM (ROOM_ID,ROOM_TYPE_NO,ROOM_NO,ROOM_STATUS,CLEAN_STATUS,CUS_ID,TENANT_NAME,TENANT_PHONE,B_ORDER_NO) values ('RM'||TO_CHAR(SEQ_ROOM_ID.NEXTVAL,'FM000'),'RT005','210',1,1,'CUS0000003','白鬍子','0978945612','BM-20200512-002');
Insert into DA106G1.ROOM (ROOM_ID,ROOM_TYPE_NO,ROOM_NO,ROOM_STATUS,CLEAN_STATUS,CUS_ID,TENANT_NAME,TENANT_PHONE,B_ORDER_NO) values ('RM'||TO_CHAR(SEQ_ROOM_ID.NEXTVAL,'FM000'),'RT005','216',0,1,null,null,null,null);
Insert into DA106G1.ROOM (ROOM_ID,ROOM_TYPE_NO,ROOM_NO,ROOM_STATUS,CLEAN_STATUS,CUS_ID,TENANT_NAME,TENANT_PHONE,B_ORDER_NO) values ('RM'||TO_CHAR(SEQ_ROOM_ID.NEXTVAL,'FM000'),'RT005','217',0,1,null,null,null,null);
Insert into DA106G1.ROOM (ROOM_ID,ROOM_TYPE_NO,ROOM_NO,ROOM_STATUS,CLEAN_STATUS,CUS_ID,TENANT_NAME,TENANT_PHONE,B_ORDER_NO) values ('RM'||TO_CHAR(SEQ_ROOM_ID.NEXTVAL,'FM000'),'RT005','218',0,1,null,null,null,null);
Insert into DA106G1.ROOM (ROOM_ID,ROOM_TYPE_NO,ROOM_NO,ROOM_STATUS,CLEAN_STATUS,CUS_ID,TENANT_NAME,TENANT_PHONE,B_ORDER_NO) values ('RM'||TO_CHAR(SEQ_ROOM_ID.NEXTVAL,'FM000'),'RT006','219',1,1,'CUS0000003','白鬍子','0978945612','BM-20200512-002');
Insert into DA106G1.ROOM (ROOM_ID,ROOM_TYPE_NO,ROOM_NO,ROOM_STATUS,CLEAN_STATUS,CUS_ID,TENANT_NAME,TENANT_PHONE,B_ORDER_NO) values ('RM'||TO_CHAR(SEQ_ROOM_ID.NEXTVAL,'FM000'),'RT006','220',0,1,null,null,null,null);
Insert into DA106G1.ROOM (ROOM_ID,ROOM_TYPE_NO,ROOM_NO,ROOM_STATUS,CLEAN_STATUS,CUS_ID,TENANT_NAME,TENANT_PHONE,B_ORDER_NO) values ('RM'||TO_CHAR(SEQ_ROOM_ID.NEXTVAL,'FM000'),'RT006','301',0,1,null,null,null,null);
Insert into DA106G1.ROOM (ROOM_ID,ROOM_TYPE_NO,ROOM_NO,ROOM_STATUS,CLEAN_STATUS,CUS_ID,TENANT_NAME,TENANT_PHONE,B_ORDER_NO) values ('RM'||TO_CHAR(SEQ_ROOM_ID.NEXTVAL,'FM000'),'RT006','302',0,1,null,null,null,null);
Insert into DA106G1.ROOM (ROOM_ID,ROOM_TYPE_NO,ROOM_NO,ROOM_STATUS,CLEAN_STATUS,CUS_ID,TENANT_NAME,TENANT_PHONE,B_ORDER_NO) values ('RM'||TO_CHAR(SEQ_ROOM_ID.NEXTVAL,'FM000'),'RT006','303',0,1,null,null,null,null);
Insert into DA106G1.ROOM (ROOM_ID,ROOM_TYPE_NO,ROOM_NO,ROOM_STATUS,CLEAN_STATUS,CUS_ID,TENANT_NAME,TENANT_PHONE,B_ORDER_NO) values ('RM'||TO_CHAR(SEQ_ROOM_ID.NEXTVAL,'FM000'),'RT006','304',0,1,null,null,null,null);
Insert into DA106G1.ROOM (ROOM_ID,ROOM_TYPE_NO,ROOM_NO,ROOM_STATUS,CLEAN_STATUS,CUS_ID,TENANT_NAME,TENANT_PHONE,B_ORDER_NO) values ('RM'||TO_CHAR(SEQ_ROOM_ID.NEXTVAL,'FM000'),'RT006','305',0,1,null,null,null,null);
Insert into DA106G1.ROOM (ROOM_ID,ROOM_TYPE_NO,ROOM_NO,ROOM_STATUS,CLEAN_STATUS,CUS_ID,TENANT_NAME,TENANT_PHONE,B_ORDER_NO) values ('RM'||TO_CHAR(SEQ_ROOM_ID.NEXTVAL,'FM000'),'RT006','306',0,1,null,null,null,null);
Insert into DA106G1.ROOM (ROOM_ID,ROOM_TYPE_NO,ROOM_NO,ROOM_STATUS,CLEAN_STATUS,CUS_ID,TENANT_NAME,TENANT_PHONE,B_ORDER_NO) values ('RM'||TO_CHAR(SEQ_ROOM_ID.NEXTVAL,'FM000'),'RT006','307',0,1,null,null,null,null);
Insert into DA106G1.ROOM (ROOM_ID,ROOM_TYPE_NO,ROOM_NO,ROOM_STATUS,CLEAN_STATUS,CUS_ID,TENANT_NAME,TENANT_PHONE,B_ORDER_NO) values ('RM'||TO_CHAR(SEQ_ROOM_ID.NEXTVAL,'FM000'),'RT006','308',0,1,null,null,null,null);
Insert into DA106G1.ROOM (ROOM_ID,ROOM_TYPE_NO,ROOM_NO,ROOM_STATUS,CLEAN_STATUS,CUS_ID,TENANT_NAME,TENANT_PHONE,B_ORDER_NO) values ('RM'||TO_CHAR(SEQ_ROOM_ID.NEXTVAL,'FM000'),'RT006','309',0,1,null,null,null,null);
Insert into DA106G1.ROOM (ROOM_ID,ROOM_TYPE_NO,ROOM_NO,ROOM_STATUS,CLEAN_STATUS,CUS_ID,TENANT_NAME,TENANT_PHONE,B_ORDER_NO) values ('RM'||TO_CHAR(SEQ_ROOM_ID.NEXTVAL,'FM000'),'RT006','310',0,1,null,null,null,null);
Insert into DA106G1.ROOM (ROOM_ID,ROOM_TYPE_NO,ROOM_NO,ROOM_STATUS,CLEAN_STATUS,CUS_ID,TENANT_NAME,TENANT_PHONE,B_ORDER_NO) values ('RM'||TO_CHAR(SEQ_ROOM_ID.NEXTVAL,'FM000'),'RT006','311',0,1,null,null,null,null);
Insert into DA106G1.ROOM (ROOM_ID,ROOM_TYPE_NO,ROOM_NO,ROOM_STATUS,CLEAN_STATUS,CUS_ID,TENANT_NAME,TENANT_PHONE,B_ORDER_NO) values ('RM'||TO_CHAR(SEQ_ROOM_ID.NEXTVAL,'FM000'),'RT006','312',0,1,null,null,null,null);
Insert into DA106G1.ROOM (ROOM_ID,ROOM_TYPE_NO,ROOM_NO,ROOM_STATUS,CLEAN_STATUS,CUS_ID,TENANT_NAME,TENANT_PHONE,B_ORDER_NO) values ('RM'||TO_CHAR(SEQ_ROOM_ID.NEXTVAL,'FM000'),'RT006','313',0,1,null,null,null,null);
Insert into DA106G1.ROOM (ROOM_ID,ROOM_TYPE_NO,ROOM_NO,ROOM_STATUS,CLEAN_STATUS,CUS_ID,TENANT_NAME,TENANT_PHONE,B_ORDER_NO) values ('RM'||TO_CHAR(SEQ_ROOM_ID.NEXTVAL,'FM000'),'RT007','314',0,2,null,null,null,null);
Insert into DA106G1.ROOM (ROOM_ID,ROOM_TYPE_NO,ROOM_NO,ROOM_STATUS,CLEAN_STATUS,CUS_ID,TENANT_NAME,TENANT_PHONE,B_ORDER_NO) values ('RM'||TO_CHAR(SEQ_ROOM_ID.NEXTVAL,'FM000'),'RT007','315',0,2,null,null,null,null);
Insert into DA106G1.ROOM (ROOM_ID,ROOM_TYPE_NO,ROOM_NO,ROOM_STATUS,CLEAN_STATUS,CUS_ID,TENANT_NAME,TENANT_PHONE,B_ORDER_NO) values ('RM'||TO_CHAR(SEQ_ROOM_ID.NEXTVAL,'FM000'),'RT007','316',0,2,null,null,null,null);
Insert into DA106G1.ROOM (ROOM_ID,ROOM_TYPE_NO,ROOM_NO,ROOM_STATUS,CLEAN_STATUS,CUS_ID,TENANT_NAME,TENANT_PHONE,B_ORDER_NO) values ('RM'||TO_CHAR(SEQ_ROOM_ID.NEXTVAL,'FM000'),'RT007','317',0,1,null,null,null,null);
Insert into DA106G1.ROOM (ROOM_ID,ROOM_TYPE_NO,ROOM_NO,ROOM_STATUS,CLEAN_STATUS,CUS_ID,TENANT_NAME,TENANT_PHONE,B_ORDER_NO) values ('RM'||TO_CHAR(SEQ_ROOM_ID.NEXTVAL,'FM000'),'RT007','318',0,1,null,null,null,null);
Insert into DA106G1.ROOM (ROOM_ID,ROOM_TYPE_NO,ROOM_NO,ROOM_STATUS,CLEAN_STATUS,CUS_ID,TENANT_NAME,TENANT_PHONE,B_ORDER_NO) values ('RM'||TO_CHAR(SEQ_ROOM_ID.NEXTVAL,'FM000'),'RT007','319',0,1,null,null,null,null);
Insert into DA106G1.ROOM (ROOM_ID,ROOM_TYPE_NO,ROOM_NO,ROOM_STATUS,CLEAN_STATUS,CUS_ID,TENANT_NAME,TENANT_PHONE,B_ORDER_NO) values ('RM'||TO_CHAR(SEQ_ROOM_ID.NEXTVAL,'FM000'),'RT007','320',0,1,null,null,null,null);
Insert into DA106G1.ROOM (ROOM_ID,ROOM_TYPE_NO,ROOM_NO,ROOM_STATUS,CLEAN_STATUS,CUS_ID,TENANT_NAME,TENANT_PHONE,B_ORDER_NO) values ('RM'||TO_CHAR(SEQ_ROOM_ID.NEXTVAL,'FM000'),'RT007','401',0,1,null,null,null,null);
Insert into DA106G1.ROOM (ROOM_ID,ROOM_TYPE_NO,ROOM_NO,ROOM_STATUS,CLEAN_STATUS,CUS_ID,TENANT_NAME,TENANT_PHONE,B_ORDER_NO) values ('RM'||TO_CHAR(SEQ_ROOM_ID.NEXTVAL,'FM000'),'RT007','402',0,1,null,null,null,null);
Insert into DA106G1.ROOM (ROOM_ID,ROOM_TYPE_NO,ROOM_NO,ROOM_STATUS,CLEAN_STATUS,CUS_ID,TENANT_NAME,TENANT_PHONE,B_ORDER_NO) values ('RM'||TO_CHAR(SEQ_ROOM_ID.NEXTVAL,'FM000'),'RT007','403',0,1,null,null,null,null);
Insert into DA106G1.ROOM (ROOM_ID,ROOM_TYPE_NO,ROOM_NO,ROOM_STATUS,CLEAN_STATUS,CUS_ID,TENANT_NAME,TENANT_PHONE,B_ORDER_NO) values ('RM'||TO_CHAR(SEQ_ROOM_ID.NEXTVAL,'FM000'),'RT007','404',0,1,null,null,null,null);
Insert into DA106G1.ROOM (ROOM_ID,ROOM_TYPE_NO,ROOM_NO,ROOM_STATUS,CLEAN_STATUS,CUS_ID,TENANT_NAME,TENANT_PHONE,B_ORDER_NO) values ('RM'||TO_CHAR(SEQ_ROOM_ID.NEXTVAL,'FM000'),'RT007','405',0,1,null,null,null,null);
Insert into DA106G1.ROOM (ROOM_ID,ROOM_TYPE_NO,ROOM_NO,ROOM_STATUS,CLEAN_STATUS,CUS_ID,TENANT_NAME,TENANT_PHONE,B_ORDER_NO) values ('RM'||TO_CHAR(SEQ_ROOM_ID.NEXTVAL,'FM000'),'RT007','406',0,1,null,null,null,null);
Insert into DA106G1.ROOM (ROOM_ID,ROOM_TYPE_NO,ROOM_NO,ROOM_STATUS,CLEAN_STATUS,CUS_ID,TENANT_NAME,TENANT_PHONE,B_ORDER_NO) values ('RM'||TO_CHAR(SEQ_ROOM_ID.NEXTVAL,'FM000'),'RT007','407',0,1,null,null,null,null);
Insert into DA106G1.ROOM (ROOM_ID,ROOM_TYPE_NO,ROOM_NO,ROOM_STATUS,CLEAN_STATUS,CUS_ID,TENANT_NAME,TENANT_PHONE,B_ORDER_NO) values ('RM'||TO_CHAR(SEQ_ROOM_ID.NEXTVAL,'FM000'),'RT007','408',0,1,null,null,null,null);
Insert into DA106G1.ROOM (ROOM_ID,ROOM_TYPE_NO,ROOM_NO,ROOM_STATUS,CLEAN_STATUS,CUS_ID,TENANT_NAME,TENANT_PHONE,B_ORDER_NO) values ('RM'||TO_CHAR(SEQ_ROOM_ID.NEXTVAL,'FM000'),'RT007','409',0,1,null,null,null,null);
Insert into DA106G1.ROOM (ROOM_ID,ROOM_TYPE_NO,ROOM_NO,ROOM_STATUS,CLEAN_STATUS,CUS_ID,TENANT_NAME,TENANT_PHONE,B_ORDER_NO) values ('RM'||TO_CHAR(SEQ_ROOM_ID.NEXTVAL,'FM000'),'RT007','410',0,1,null,null,null,null);
Insert into DA106G1.ROOM (ROOM_ID,ROOM_TYPE_NO,ROOM_NO,ROOM_STATUS,CLEAN_STATUS,CUS_ID,TENANT_NAME,TENANT_PHONE,B_ORDER_NO) values ('RM'||TO_CHAR(SEQ_ROOM_ID.NEXTVAL,'FM000'),'RT007','411',0,1,null,null,null,null);
Insert into DA106G1.ROOM (ROOM_ID,ROOM_TYPE_NO,ROOM_NO,ROOM_STATUS,CLEAN_STATUS,CUS_ID,TENANT_NAME,TENANT_PHONE,B_ORDER_NO) values ('RM'||TO_CHAR(SEQ_ROOM_ID.NEXTVAL,'FM000'),'RT007','412',0,1,null,null,null,null);
Insert into DA106G1.ROOM (ROOM_ID,ROOM_TYPE_NO,ROOM_NO,ROOM_STATUS,CLEAN_STATUS,CUS_ID,TENANT_NAME,TENANT_PHONE,B_ORDER_NO) values ('RM'||TO_CHAR(SEQ_ROOM_ID.NEXTVAL,'FM000'),'RT007','413',0,1,null,null,null,null);
Insert into DA106G1.ROOM (ROOM_ID,ROOM_TYPE_NO,ROOM_NO,ROOM_STATUS,CLEAN_STATUS,CUS_ID,TENANT_NAME,TENANT_PHONE,B_ORDER_NO) values ('RM'||TO_CHAR(SEQ_ROOM_ID.NEXTVAL,'FM000'),'RT008','414',0,2,null,null,null,null);
Insert into DA106G1.ROOM (ROOM_ID,ROOM_TYPE_NO,ROOM_NO,ROOM_STATUS,CLEAN_STATUS,CUS_ID,TENANT_NAME,TENANT_PHONE,B_ORDER_NO) values ('RM'||TO_CHAR(SEQ_ROOM_ID.NEXTVAL,'FM000'),'RT008','415',0,2,null,null,null,null);
Insert into DA106G1.ROOM (ROOM_ID,ROOM_TYPE_NO,ROOM_NO,ROOM_STATUS,CLEAN_STATUS,CUS_ID,TENANT_NAME,TENANT_PHONE,B_ORDER_NO) values ('RM'||TO_CHAR(SEQ_ROOM_ID.NEXTVAL,'FM000'),'RT008','416',0,2,null,null,null,null);
Insert into DA106G1.ROOM (ROOM_ID,ROOM_TYPE_NO,ROOM_NO,ROOM_STATUS,CLEAN_STATUS,CUS_ID,TENANT_NAME,TENANT_PHONE,B_ORDER_NO) values ('RM'||TO_CHAR(SEQ_ROOM_ID.NEXTVAL,'FM000'),'RT008','417',0,2,null,null,null,null);
Insert into DA106G1.ROOM (ROOM_ID,ROOM_TYPE_NO,ROOM_NO,ROOM_STATUS,CLEAN_STATUS,CUS_ID,TENANT_NAME,TENANT_PHONE,B_ORDER_NO) values ('RM'||TO_CHAR(SEQ_ROOM_ID.NEXTVAL,'FM000'),'RT008','418',0,1,null,null,null,null);
Insert into DA106G1.ROOM (ROOM_ID,ROOM_TYPE_NO,ROOM_NO,ROOM_STATUS,CLEAN_STATUS,CUS_ID,TENANT_NAME,TENANT_PHONE,B_ORDER_NO) values ('RM'||TO_CHAR(SEQ_ROOM_ID.NEXTVAL,'FM000'),'RT008','419',0,1,null,null,null,null);
Insert into DA106G1.ROOM (ROOM_ID,ROOM_TYPE_NO,ROOM_NO,ROOM_STATUS,CLEAN_STATUS,CUS_ID,TENANT_NAME,TENANT_PHONE,B_ORDER_NO) values ('RM'||TO_CHAR(SEQ_ROOM_ID.NEXTVAL,'FM000'),'RT008','420',0,1,null,null,null,null);
Insert into DA106G1.ROOM (ROOM_ID,ROOM_TYPE_NO,ROOM_NO,ROOM_STATUS,CLEAN_STATUS,CUS_ID,TENANT_NAME,TENANT_PHONE,B_ORDER_NO) values ('RM'||TO_CHAR(SEQ_ROOM_ID.NEXTVAL,'FM000'),'RT008','501',0,1,null,null,null,null);
Insert into DA106G1.ROOM (ROOM_ID,ROOM_TYPE_NO,ROOM_NO,ROOM_STATUS,CLEAN_STATUS,CUS_ID,TENANT_NAME,TENANT_PHONE,B_ORDER_NO) values ('RM'||TO_CHAR(SEQ_ROOM_ID.NEXTVAL,'FM000'),'RT008','502',0,1,null,null,null,null);
Insert into DA106G1.ROOM (ROOM_ID,ROOM_TYPE_NO,ROOM_NO,ROOM_STATUS,CLEAN_STATUS,CUS_ID,TENANT_NAME,TENANT_PHONE,B_ORDER_NO) values ('RM'||TO_CHAR(SEQ_ROOM_ID.NEXTVAL,'FM000'),'RT008','503',0,1,null,null,null,null);
Insert into DA106G1.ROOM (ROOM_ID,ROOM_TYPE_NO,ROOM_NO,ROOM_STATUS,CLEAN_STATUS,CUS_ID,TENANT_NAME,TENANT_PHONE,B_ORDER_NO) values ('RM'||TO_CHAR(SEQ_ROOM_ID.NEXTVAL,'FM000'),'RT008','504',0,1,null,null,null,null);
Insert into DA106G1.ROOM (ROOM_ID,ROOM_TYPE_NO,ROOM_NO,ROOM_STATUS,CLEAN_STATUS,CUS_ID,TENANT_NAME,TENANT_PHONE,B_ORDER_NO) values ('RM'||TO_CHAR(SEQ_ROOM_ID.NEXTVAL,'FM000'),'RT008','505',0,1,null,null,null,null);
Insert into DA106G1.ROOM (ROOM_ID,ROOM_TYPE_NO,ROOM_NO,ROOM_STATUS,CLEAN_STATUS,CUS_ID,TENANT_NAME,TENANT_PHONE,B_ORDER_NO) values ('RM'||TO_CHAR(SEQ_ROOM_ID.NEXTVAL,'FM000'),'RT008','506',0,1,null,null,null,null);
Insert into DA106G1.ROOM (ROOM_ID,ROOM_TYPE_NO,ROOM_NO,ROOM_STATUS,CLEAN_STATUS,CUS_ID,TENANT_NAME,TENANT_PHONE,B_ORDER_NO) values ('RM'||TO_CHAR(SEQ_ROOM_ID.NEXTVAL,'FM000'),'RT008','507',0,1,null,null,null,null);
Insert into DA106G1.ROOM (ROOM_ID,ROOM_TYPE_NO,ROOM_NO,ROOM_STATUS,CLEAN_STATUS,CUS_ID,TENANT_NAME,TENANT_PHONE,B_ORDER_NO) values ('RM'||TO_CHAR(SEQ_ROOM_ID.NEXTVAL,'FM000'),'RT008','508',0,1,null,null,null,null);
Insert into DA106G1.ROOM (ROOM_ID,ROOM_TYPE_NO,ROOM_NO,ROOM_STATUS,CLEAN_STATUS,CUS_ID,TENANT_NAME,TENANT_PHONE,B_ORDER_NO) values ('RM'||TO_CHAR(SEQ_ROOM_ID.NEXTVAL,'FM000'),'RT008','509',0,1,null,null,null,null);
Insert into DA106G1.ROOM (ROOM_ID,ROOM_TYPE_NO,ROOM_NO,ROOM_STATUS,CLEAN_STATUS,CUS_ID,TENANT_NAME,TENANT_PHONE,B_ORDER_NO) values ('RM'||TO_CHAR(SEQ_ROOM_ID.NEXTVAL,'FM000'),'RT008','510',0,1,null,null,null,null);
Insert into DA106G1.ROOM (ROOM_ID,ROOM_TYPE_NO,ROOM_NO,ROOM_STATUS,CLEAN_STATUS,CUS_ID,TENANT_NAME,TENANT_PHONE,B_ORDER_NO) values ('RM'||TO_CHAR(SEQ_ROOM_ID.NEXTVAL,'FM000'),'RT008','511',0,1,null,null,null,null);
Insert into DA106G1.ROOM (ROOM_ID,ROOM_TYPE_NO,ROOM_NO,ROOM_STATUS,CLEAN_STATUS,CUS_ID,TENANT_NAME,TENANT_PHONE,B_ORDER_NO) values ('RM'||TO_CHAR(SEQ_ROOM_ID.NEXTVAL,'FM000'),'RT008','512',0,1,null,null,null,null);
Insert into DA106G1.ROOM (ROOM_ID,ROOM_TYPE_NO,ROOM_NO,ROOM_STATUS,CLEAN_STATUS,CUS_ID,TENANT_NAME,TENANT_PHONE,B_ORDER_NO) values ('RM'||TO_CHAR(SEQ_ROOM_ID.NEXTVAL,'FM000'),'RT008','513',0,1,null,null,null,null);
Insert into DA106G1.ROOM (ROOM_ID,ROOM_TYPE_NO,ROOM_NO,ROOM_STATUS,CLEAN_STATUS,CUS_ID,TENANT_NAME,TENANT_PHONE,B_ORDER_NO) values ('RM'||TO_CHAR(SEQ_ROOM_ID.NEXTVAL,'FM000'),'RT009','514',0,1,null,null,null,null);
Insert into DA106G1.ROOM (ROOM_ID,ROOM_TYPE_NO,ROOM_NO,ROOM_STATUS,CLEAN_STATUS,CUS_ID,TENANT_NAME,TENANT_PHONE,B_ORDER_NO) values ('RM'||TO_CHAR(SEQ_ROOM_ID.NEXTVAL,'FM000'),'RT009','515',0,1,null,null,null,null);
Insert into DA106G1.ROOM (ROOM_ID,ROOM_TYPE_NO,ROOM_NO,ROOM_STATUS,CLEAN_STATUS,CUS_ID,TENANT_NAME,TENANT_PHONE,B_ORDER_NO) values ('RM'||TO_CHAR(SEQ_ROOM_ID.NEXTVAL,'FM000'),'RT009','516',0,1,null,null,null,null);
Insert into DA106G1.ROOM (ROOM_ID,ROOM_TYPE_NO,ROOM_NO,ROOM_STATUS,CLEAN_STATUS,CUS_ID,TENANT_NAME,TENANT_PHONE,B_ORDER_NO) values ('RM'||TO_CHAR(SEQ_ROOM_ID.NEXTVAL,'FM000'),'RT009','517',0,1,null,null,null,null);
Insert into DA106G1.ROOM (ROOM_ID,ROOM_TYPE_NO,ROOM_NO,ROOM_STATUS,CLEAN_STATUS,CUS_ID,TENANT_NAME,TENANT_PHONE,B_ORDER_NO) values ('RM'||TO_CHAR(SEQ_ROOM_ID.NEXTVAL,'FM000'),'RT009','518',0,1,null,null,null,null);
Insert into DA106G1.ROOM (ROOM_ID,ROOM_TYPE_NO,ROOM_NO,ROOM_STATUS,CLEAN_STATUS,CUS_ID,TENANT_NAME,TENANT_PHONE,B_ORDER_NO) values ('RM'||TO_CHAR(SEQ_ROOM_ID.NEXTVAL,'FM000'),'RT009','519',0,1,null,null,null,null);
Insert into DA106G1.ROOM (ROOM_ID,ROOM_TYPE_NO,ROOM_NO,ROOM_STATUS,CLEAN_STATUS,CUS_ID,TENANT_NAME,TENANT_PHONE,B_ORDER_NO) values ('RM'||TO_CHAR(SEQ_ROOM_ID.NEXTVAL,'FM000'),'RT009','520',0,1,null,null,null,null);
Insert into DA106G1.ROOM (ROOM_ID,ROOM_TYPE_NO,ROOM_NO,ROOM_STATUS,CLEAN_STATUS,CUS_ID,TENANT_NAME,TENANT_PHONE,B_ORDER_NO) values ('RM'||TO_CHAR(SEQ_ROOM_ID.NEXTVAL,'FM000'),'RT009','601',0,1,null,null,null,null);
Insert into DA106G1.ROOM (ROOM_ID,ROOM_TYPE_NO,ROOM_NO,ROOM_STATUS,CLEAN_STATUS,CUS_ID,TENANT_NAME,TENANT_PHONE,B_ORDER_NO) values ('RM'||TO_CHAR(SEQ_ROOM_ID.NEXTVAL,'FM000'),'RT009','602',0,1,null,null,null,null);
Insert into DA106G1.ROOM (ROOM_ID,ROOM_TYPE_NO,ROOM_NO,ROOM_STATUS,CLEAN_STATUS,CUS_ID,TENANT_NAME,TENANT_PHONE,B_ORDER_NO) values ('RM'||TO_CHAR(SEQ_ROOM_ID.NEXTVAL,'FM000'),'RT009','603',0,1,null,null,null,null);
Insert into DA106G1.ROOM (ROOM_ID,ROOM_TYPE_NO,ROOM_NO,ROOM_STATUS,CLEAN_STATUS,CUS_ID,TENANT_NAME,TENANT_PHONE,B_ORDER_NO) values ('RM'||TO_CHAR(SEQ_ROOM_ID.NEXTVAL,'FM000'),'RT009','604',0,1,null,null,null,null);
Insert into DA106G1.ROOM (ROOM_ID,ROOM_TYPE_NO,ROOM_NO,ROOM_STATUS,CLEAN_STATUS,CUS_ID,TENANT_NAME,TENANT_PHONE,B_ORDER_NO) values ('RM'||TO_CHAR(SEQ_ROOM_ID.NEXTVAL,'FM000'),'RT009','605',0,1,null,null,null,null);
Insert into DA106G1.ROOM (ROOM_ID,ROOM_TYPE_NO,ROOM_NO,ROOM_STATUS,CLEAN_STATUS,CUS_ID,TENANT_NAME,TENANT_PHONE,B_ORDER_NO) values ('RM'||TO_CHAR(SEQ_ROOM_ID.NEXTVAL,'FM000'),'RT010','606',0,1,null,null,null,null);
Insert into DA106G1.ROOM (ROOM_ID,ROOM_TYPE_NO,ROOM_NO,ROOM_STATUS,CLEAN_STATUS,CUS_ID,TENANT_NAME,TENANT_PHONE,B_ORDER_NO) values ('RM'||TO_CHAR(SEQ_ROOM_ID.NEXTVAL,'FM000'),'RT010','607',0,1,null,null,null,null);
Insert into DA106G1.ROOM (ROOM_ID,ROOM_TYPE_NO,ROOM_NO,ROOM_STATUS,CLEAN_STATUS,CUS_ID,TENANT_NAME,TENANT_PHONE,B_ORDER_NO) values ('RM'||TO_CHAR(SEQ_ROOM_ID.NEXTVAL,'FM000'),'RT010','608',0,1,null,null,null,null);
Insert into DA106G1.ROOM (ROOM_ID,ROOM_TYPE_NO,ROOM_NO,ROOM_STATUS,CLEAN_STATUS,CUS_ID,TENANT_NAME,TENANT_PHONE,B_ORDER_NO) values ('RM'||TO_CHAR(SEQ_ROOM_ID.NEXTVAL,'FM000'),'RT010','609',0,1,null,null,null,null);
Insert into DA106G1.ROOM (ROOM_ID,ROOM_TYPE_NO,ROOM_NO,ROOM_STATUS,CLEAN_STATUS,CUS_ID,TENANT_NAME,TENANT_PHONE,B_ORDER_NO) values ('RM'||TO_CHAR(SEQ_ROOM_ID.NEXTVAL,'FM000'),'RT010','610',0,1,null,null,null,null);
Insert into DA106G1.ROOM (ROOM_ID,ROOM_TYPE_NO,ROOM_NO,ROOM_STATUS,CLEAN_STATUS,CUS_ID,TENANT_NAME,TENANT_PHONE,B_ORDER_NO) values ('RM'||TO_CHAR(SEQ_ROOM_ID.NEXTVAL,'FM000'),'RT010','611',0,1,null,null,null,null);
Insert into DA106G1.ROOM (ROOM_ID,ROOM_TYPE_NO,ROOM_NO,ROOM_STATUS,CLEAN_STATUS,CUS_ID,TENANT_NAME,TENANT_PHONE,B_ORDER_NO) values ('RM'||TO_CHAR(SEQ_ROOM_ID.NEXTVAL,'FM000'),'RT010','612',0,1,null,null,null,null);
Insert into DA106G1.ROOM (ROOM_ID,ROOM_TYPE_NO,ROOM_NO,ROOM_STATUS,CLEAN_STATUS,CUS_ID,TENANT_NAME,TENANT_PHONE,B_ORDER_NO) values ('RM'||TO_CHAR(SEQ_ROOM_ID.NEXTVAL,'FM000'),'RT010','613',0,1,null,null,null,null);
Insert into DA106G1.ROOM (ROOM_ID,ROOM_TYPE_NO,ROOM_NO,ROOM_STATUS,CLEAN_STATUS,CUS_ID,TENANT_NAME,TENANT_PHONE,B_ORDER_NO) values ('RM'||TO_CHAR(SEQ_ROOM_ID.NEXTVAL,'FM000'),'RT010','614',0,1,null,null,null,null);
Insert into DA106G1.ROOM (ROOM_ID,ROOM_TYPE_NO,ROOM_NO,ROOM_STATUS,CLEAN_STATUS,CUS_ID,TENANT_NAME,TENANT_PHONE,B_ORDER_NO) values ('RM'||TO_CHAR(SEQ_ROOM_ID.NEXTVAL,'FM000'),'RT010','615',0,1,null,null,null,null);
Insert into DA106G1.ROOM (ROOM_ID,ROOM_TYPE_NO,ROOM_NO,ROOM_STATUS,CLEAN_STATUS,CUS_ID,TENANT_NAME,TENANT_PHONE,B_ORDER_NO) values ('RM'||TO_CHAR(SEQ_ROOM_ID.NEXTVAL,'FM000'),'RT010','616',0,1,null,null,null,null);
Insert into DA106G1.ROOM (ROOM_ID,ROOM_TYPE_NO,ROOM_NO,ROOM_STATUS,CLEAN_STATUS,CUS_ID,TENANT_NAME,TENANT_PHONE,B_ORDER_NO) values ('RM'||TO_CHAR(SEQ_ROOM_ID.NEXTVAL,'FM000'),'RT010','617',0,1,null,null,null,null);
Insert into DA106G1.ROOM (ROOM_ID,ROOM_TYPE_NO,ROOM_NO,ROOM_STATUS,CLEAN_STATUS,CUS_ID,TENANT_NAME,TENANT_PHONE,B_ORDER_NO) values ('RM'||TO_CHAR(SEQ_ROOM_ID.NEXTVAL,'FM000'),'RT010','618',0,1,null,null,null,null);
Insert into DA106G1.ROOM (ROOM_ID,ROOM_TYPE_NO,ROOM_NO,ROOM_STATUS,CLEAN_STATUS,CUS_ID,TENANT_NAME,TENANT_PHONE,B_ORDER_NO) values ('RM'||TO_CHAR(SEQ_ROOM_ID.NEXTVAL,'FM000'),'RT010','619',0,1,null,null,null,null);
Insert into DA106G1.ROOM (ROOM_ID,ROOM_TYPE_NO,ROOM_NO,ROOM_STATUS,CLEAN_STATUS,CUS_ID,TENANT_NAME,TENANT_PHONE,B_ORDER_NO) values ('RM'||TO_CHAR(SEQ_ROOM_ID.NEXTVAL,'FM000'),'RT010','620',0,1,null,null,null,null);
Insert into DA106G1.ROOM (ROOM_ID,ROOM_TYPE_NO,ROOM_NO,ROOM_STATUS,CLEAN_STATUS,CUS_ID,TENANT_NAME,TENANT_PHONE,B_ORDER_NO) values ('RM'||TO_CHAR(SEQ_ROOM_ID.NEXTVAL,'FM000'),'RT011','701',1,1,'CUS0000004','羅賓','0912245579','BM-20200512-003');
Insert into DA106G1.ROOM (ROOM_ID,ROOM_TYPE_NO,ROOM_NO,ROOM_STATUS,CLEAN_STATUS,CUS_ID,TENANT_NAME,TENANT_PHONE,B_ORDER_NO) values ('RM'||TO_CHAR(SEQ_ROOM_ID.NEXTVAL,'FM000'),'RT011','702',1,1,'CUS0000004','羅賓','0912245579','BM-20200512-003');
Insert into DA106G1.ROOM (ROOM_ID,ROOM_TYPE_NO,ROOM_NO,ROOM_STATUS,CLEAN_STATUS,CUS_ID,TENANT_NAME,TENANT_PHONE,B_ORDER_NO) values ('RM'||TO_CHAR(SEQ_ROOM_ID.NEXTVAL,'FM000'),'RT011','703',0,1,null,null,null,null);
Insert into DA106G1.ROOM (ROOM_ID,ROOM_TYPE_NO,ROOM_NO,ROOM_STATUS,CLEAN_STATUS,CUS_ID,TENANT_NAME,TENANT_PHONE,B_ORDER_NO) values ('RM'||TO_CHAR(SEQ_ROOM_ID.NEXTVAL,'FM000'),'RT011','704',0,1,null,null,null,null);
Insert into DA106G1.ROOM (ROOM_ID,ROOM_TYPE_NO,ROOM_NO,ROOM_STATUS,CLEAN_STATUS,CUS_ID,TENANT_NAME,TENANT_PHONE,B_ORDER_NO) values ('RM'||TO_CHAR(SEQ_ROOM_ID.NEXTVAL,'FM000'),'RT011','705',0,1,null,null,null,null);
Insert into DA106G1.ROOM (ROOM_ID,ROOM_TYPE_NO,ROOM_NO,ROOM_STATUS,CLEAN_STATUS,CUS_ID,TENANT_NAME,TENANT_PHONE,B_ORDER_NO) values ('RM'||TO_CHAR(SEQ_ROOM_ID.NEXTVAL,'FM000'),'RT012','706',1,1,'CUS0000004','羅賓','0912245579','BM-20200512-003');
Insert into DA106G1.ROOM (ROOM_ID,ROOM_TYPE_NO,ROOM_NO,ROOM_STATUS,CLEAN_STATUS,CUS_ID,TENANT_NAME,TENANT_PHONE,B_ORDER_NO) values ('RM'||TO_CHAR(SEQ_ROOM_ID.NEXTVAL,'FM000'),'RT012','707',1,1,'CUS0000004','羅賓','0912245579','BM-20200512-003');
Insert into DA106G1.ROOM (ROOM_ID,ROOM_TYPE_NO,ROOM_NO,ROOM_STATUS,CLEAN_STATUS,CUS_ID,TENANT_NAME,TENANT_PHONE,B_ORDER_NO) values ('RM'||TO_CHAR(SEQ_ROOM_ID.NEXTVAL,'FM000'),'RT012','708',1,1,'CUS0000004','羅賓','0912245579','BM-20200512-003');
Insert into DA106G1.ROOM (ROOM_ID,ROOM_TYPE_NO,ROOM_NO,ROOM_STATUS,CLEAN_STATUS,CUS_ID,TENANT_NAME,TENANT_PHONE,B_ORDER_NO) values ('RM'||TO_CHAR(SEQ_ROOM_ID.NEXTVAL,'FM000'),'RT012','709',1,1,'CUS0000004','羅賓','0912245579','BM-20200512-003');
Insert into DA106G1.ROOM (ROOM_ID,ROOM_TYPE_NO,ROOM_NO,ROOM_STATUS,CLEAN_STATUS,CUS_ID,TENANT_NAME,TENANT_PHONE,B_ORDER_NO) values ('RM'||TO_CHAR(SEQ_ROOM_ID.NEXTVAL,'FM000'),'RT012','710',1,1,'CUS0000004','羅賓','0912245579','BM-20200512-003');
Insert into DA106G1.ROOM (ROOM_ID,ROOM_TYPE_NO,ROOM_NO,ROOM_STATUS,CLEAN_STATUS,CUS_ID,TENANT_NAME,TENANT_PHONE,B_ORDER_NO) values ('RM'||TO_CHAR(SEQ_ROOM_ID.NEXTVAL,'FM000'),'RT012','711',1,1,'CUS0000004','羅賓','0912245579','BM-20200512-003');
Insert into DA106G1.ROOM (ROOM_ID,ROOM_TYPE_NO,ROOM_NO,ROOM_STATUS,CLEAN_STATUS,CUS_ID,TENANT_NAME,TENANT_PHONE,B_ORDER_NO) values ('RM'||TO_CHAR(SEQ_ROOM_ID.NEXTVAL,'FM000'),'RT012','712',0,1,null,null,null,null);
Insert into DA106G1.ROOM (ROOM_ID,ROOM_TYPE_NO,ROOM_NO,ROOM_STATUS,CLEAN_STATUS,CUS_ID,TENANT_NAME,TENANT_PHONE,B_ORDER_NO) values ('RM'||TO_CHAR(SEQ_ROOM_ID.NEXTVAL,'FM000'),'RT012','713',0,1,null,null,null,null);
Insert into DA106G1.ROOM (ROOM_ID,ROOM_TYPE_NO,ROOM_NO,ROOM_STATUS,CLEAN_STATUS,CUS_ID,TENANT_NAME,TENANT_PHONE,B_ORDER_NO) values ('RM'||TO_CHAR(SEQ_ROOM_ID.NEXTVAL,'FM000'),'RT012','714',0,1,null,null,null,null);
Insert into DA106G1.ROOM (ROOM_ID,ROOM_TYPE_NO,ROOM_NO,ROOM_STATUS,CLEAN_STATUS,CUS_ID,TENANT_NAME,TENANT_PHONE,B_ORDER_NO) values ('RM'||TO_CHAR(SEQ_ROOM_ID.NEXTVAL,'FM000'),'RT012','715',0,1,null,null,null,null);
Insert into DA106G1.ROOM (ROOM_ID,ROOM_TYPE_NO,ROOM_NO,ROOM_STATUS,CLEAN_STATUS,CUS_ID,TENANT_NAME,TENANT_PHONE,B_ORDER_NO) values ('RM'||TO_CHAR(SEQ_ROOM_ID.NEXTVAL,'FM000'),'RT013','716',0,1,null,null,null,null);
Insert into DA106G1.ROOM (ROOM_ID,ROOM_TYPE_NO,ROOM_NO,ROOM_STATUS,CLEAN_STATUS,CUS_ID,TENANT_NAME,TENANT_PHONE,B_ORDER_NO) values ('RM'||TO_CHAR(SEQ_ROOM_ID.NEXTVAL,'FM000'),'RT013','717',0,1,null,null,null,null);
Insert into DA106G1.ROOM (ROOM_ID,ROOM_TYPE_NO,ROOM_NO,ROOM_STATUS,CLEAN_STATUS,CUS_ID,TENANT_NAME,TENANT_PHONE,B_ORDER_NO) values ('RM'||TO_CHAR(SEQ_ROOM_ID.NEXTVAL,'FM000'),'RT013','718',0,1,null,null,null,null);
Insert into DA106G1.ROOM (ROOM_ID,ROOM_TYPE_NO,ROOM_NO,ROOM_STATUS,CLEAN_STATUS,CUS_ID,TENANT_NAME,TENANT_PHONE,B_ORDER_NO) values ('RM'||TO_CHAR(SEQ_ROOM_ID.NEXTVAL,'FM000'),'RT013','719',0,1,null,null,null,null);
Insert into DA106G1.ROOM (ROOM_ID,ROOM_TYPE_NO,ROOM_NO,ROOM_STATUS,CLEAN_STATUS,CUS_ID,TENANT_NAME,TENANT_PHONE,B_ORDER_NO) values ('RM'||TO_CHAR(SEQ_ROOM_ID.NEXTVAL,'FM000'),'RT013','720',0,1,null,null,null,null);
Insert into DA106G1.ROOM (ROOM_ID,ROOM_TYPE_NO,ROOM_NO,ROOM_STATUS,CLEAN_STATUS,CUS_ID,TENANT_NAME,TENANT_PHONE,B_ORDER_NO) values ('RM'||TO_CHAR(SEQ_ROOM_ID.NEXTVAL,'FM000'),'RT013','801',0,1,null,null,null,null);
Insert into DA106G1.ROOM (ROOM_ID,ROOM_TYPE_NO,ROOM_NO,ROOM_STATUS,CLEAN_STATUS,CUS_ID,TENANT_NAME,TENANT_PHONE,B_ORDER_NO) values ('RM'||TO_CHAR(SEQ_ROOM_ID.NEXTVAL,'FM000'),'RT013','802',0,1,null,null,null,null);
Insert into DA106G1.ROOM (ROOM_ID,ROOM_TYPE_NO,ROOM_NO,ROOM_STATUS,CLEAN_STATUS,CUS_ID,TENANT_NAME,TENANT_PHONE,B_ORDER_NO) values ('RM'||TO_CHAR(SEQ_ROOM_ID.NEXTVAL,'FM000'),'RT013','803',0,1,null,null,null,null);
Insert into DA106G1.ROOM (ROOM_ID,ROOM_TYPE_NO,ROOM_NO,ROOM_STATUS,CLEAN_STATUS,CUS_ID,TENANT_NAME,TENANT_PHONE,B_ORDER_NO) values ('RM'||TO_CHAR(SEQ_ROOM_ID.NEXTVAL,'FM000'),'RT013','804',0,1,null,null,null,null);
Insert into DA106G1.ROOM (ROOM_ID,ROOM_TYPE_NO,ROOM_NO,ROOM_STATUS,CLEAN_STATUS,CUS_ID,TENANT_NAME,TENANT_PHONE,B_ORDER_NO) values ('RM'||TO_CHAR(SEQ_ROOM_ID.NEXTVAL,'FM000'),'RT013','805',0,1,null,null,null,null);
Insert into DA106G1.ROOM (ROOM_ID,ROOM_TYPE_NO,ROOM_NO,ROOM_STATUS,CLEAN_STATUS,CUS_ID,TENANT_NAME,TENANT_PHONE,B_ORDER_NO) values ('RM'||TO_CHAR(SEQ_ROOM_ID.NEXTVAL,'FM000'),'RT014','806',0,1,null,null,null,null);
Insert into DA106G1.ROOM (ROOM_ID,ROOM_TYPE_NO,ROOM_NO,ROOM_STATUS,CLEAN_STATUS,CUS_ID,TENANT_NAME,TENANT_PHONE,B_ORDER_NO) values ('RM'||TO_CHAR(SEQ_ROOM_ID.NEXTVAL,'FM000'),'RT014','807',0,1,null,null,null,null);
Insert into DA106G1.ROOM (ROOM_ID,ROOM_TYPE_NO,ROOM_NO,ROOM_STATUS,CLEAN_STATUS,CUS_ID,TENANT_NAME,TENANT_PHONE,B_ORDER_NO) values ('RM'||TO_CHAR(SEQ_ROOM_ID.NEXTVAL,'FM000'),'RT014','808',0,1,null,null,null,null);
Insert into DA106G1.ROOM (ROOM_ID,ROOM_TYPE_NO,ROOM_NO,ROOM_STATUS,CLEAN_STATUS,CUS_ID,TENANT_NAME,TENANT_PHONE,B_ORDER_NO) values ('RM'||TO_CHAR(SEQ_ROOM_ID.NEXTVAL,'FM000'),'RT014','809',0,1,null,null,null,null);
Insert into DA106G1.ROOM (ROOM_ID,ROOM_TYPE_NO,ROOM_NO,ROOM_STATUS,CLEAN_STATUS,CUS_ID,TENANT_NAME,TENANT_PHONE,B_ORDER_NO) values ('RM'||TO_CHAR(SEQ_ROOM_ID.NEXTVAL,'FM000'),'RT014','810',0,1,null,null,null,null);
Insert into DA106G1.ROOM (ROOM_ID,ROOM_TYPE_NO,ROOM_NO,ROOM_STATUS,CLEAN_STATUS,CUS_ID,TENANT_NAME,TENANT_PHONE,B_ORDER_NO) values ('RM'||TO_CHAR(SEQ_ROOM_ID.NEXTVAL,'FM000'),'RT014','811',0,1,null,null,null,null);
Insert into DA106G1.ROOM (ROOM_ID,ROOM_TYPE_NO,ROOM_NO,ROOM_STATUS,CLEAN_STATUS,CUS_ID,TENANT_NAME,TENANT_PHONE,B_ORDER_NO) values ('RM'||TO_CHAR(SEQ_ROOM_ID.NEXTVAL,'FM000'),'RT014','812',0,1,null,null,null,null);
Insert into DA106G1.ROOM (ROOM_ID,ROOM_TYPE_NO,ROOM_NO,ROOM_STATUS,CLEAN_STATUS,CUS_ID,TENANT_NAME,TENANT_PHONE,B_ORDER_NO) values ('RM'||TO_CHAR(SEQ_ROOM_ID.NEXTVAL,'FM000'),'RT014','813',0,1,null,null,null,null);
Insert into DA106G1.ROOM (ROOM_ID,ROOM_TYPE_NO,ROOM_NO,ROOM_STATUS,CLEAN_STATUS,CUS_ID,TENANT_NAME,TENANT_PHONE,B_ORDER_NO) values ('RM'||TO_CHAR(SEQ_ROOM_ID.NEXTVAL,'FM000'),'RT014','814',0,1,null,null,null,null);
Insert into DA106G1.ROOM (ROOM_ID,ROOM_TYPE_NO,ROOM_NO,ROOM_STATUS,CLEAN_STATUS,CUS_ID,TENANT_NAME,TENANT_PHONE,B_ORDER_NO) values ('RM'||TO_CHAR(SEQ_ROOM_ID.NEXTVAL,'FM000'),'RT014','815',0,1,null,null,null,null);
Insert into DA106G1.ROOM (ROOM_ID,ROOM_TYPE_NO,ROOM_NO,ROOM_STATUS,CLEAN_STATUS,CUS_ID,TENANT_NAME,TENANT_PHONE,B_ORDER_NO) values ('RM'||TO_CHAR(SEQ_ROOM_ID.NEXTVAL,'FM000'),'RT014','816',0,1,null,null,null,null);
Insert into DA106G1.ROOM (ROOM_ID,ROOM_TYPE_NO,ROOM_NO,ROOM_STATUS,CLEAN_STATUS,CUS_ID,TENANT_NAME,TENANT_PHONE,B_ORDER_NO) values ('RM'||TO_CHAR(SEQ_ROOM_ID.NEXTVAL,'FM000'),'RT014','817',0,1,null,null,null,null);
Insert into DA106G1.ROOM (ROOM_ID,ROOM_TYPE_NO,ROOM_NO,ROOM_STATUS,CLEAN_STATUS,CUS_ID,TENANT_NAME,TENANT_PHONE,B_ORDER_NO) values ('RM'||TO_CHAR(SEQ_ROOM_ID.NEXTVAL,'FM000'),'RT014','818',0,1,null,null,null,null);
Insert into DA106G1.ROOM (ROOM_ID,ROOM_TYPE_NO,ROOM_NO,ROOM_STATUS,CLEAN_STATUS,CUS_ID,TENANT_NAME,TENANT_PHONE,B_ORDER_NO) values ('RM'||TO_CHAR(SEQ_ROOM_ID.NEXTVAL,'FM000'),'RT014','819',0,1,null,null,null,null);
Insert into DA106G1.ROOM (ROOM_ID,ROOM_TYPE_NO,ROOM_NO,ROOM_STATUS,CLEAN_STATUS,CUS_ID,TENANT_NAME,TENANT_PHONE,B_ORDER_NO) values ('RM'||TO_CHAR(SEQ_ROOM_ID.NEXTVAL,'FM000'),'RT014','820',0,1,null,null,null,null);

------------------------------------------------------------------
--

------------------------------------------------------------------
--427更新
-- 餐廳
DROP SEQUENCE SEQ_RES_NO;
CREATE SEQUENCE SEQ_RES_NO;

INSERT INTO RESTAURANT(RES_NO, RES_NAME, Total_SEATS, RES_CONTACT, RES_PHONE, RES_STATUS) 
VALUES ('REST'||LPAD(TO_CHAR(SEQ_RES_NO.nextval),6,'0'), '辰園', 70, 'Ocean' , '0911656785', '1');

INSERT INTO RESTAURANT(RES_NO, RES_NAME, Total_SEATS, RES_CONTACT, RES_PHONE, RES_STATUS) 
VALUES ('REST'||LPAD(TO_CHAR(SEQ_RES_NO.nextval),6,'0'), '桃屋', 90, 'Sky' , '0988451000' , '1');

INSERT INTO RESTAURANT(RES_NO, RES_NAME, Total_SEATS, RES_CONTACT, RES_PHONE, RES_STATUS) 
VALUES ('REST'||LPAD(TO_CHAR(SEQ_RES_NO.nextval),6,'0'), '彼得廳', 90, 'Peter' , '0966265000' , '1');

------------------------------------------------------------------
-- 員工餐廳
INSERT INTO EMP_RESTAURANT(EMP_ID, RES_NO)
VALUES ('EMP0000001', 'REST000001');
INSERT INTO EMP_RESTAURANT(EMP_ID, RES_NO)
VALUES ('EMP0000001', 'REST000002');
INSERT INTO EMP_RESTAURANT(EMP_ID, RES_NO)
VALUES ('EMP0000001', 'REST000003');
INSERT INTO EMP_RESTAURANT(EMP_ID, RES_NO)
VALUES ('EMP0000004', 'REST000002');
INSERT INTO EMP_RESTAURANT(EMP_ID, RES_NO)
VALUES ('EMP0000007', 'REST000003');

------------------------------------------------------------------
-- 餐點類別
-- 沒 SEQ 先 DROP 會有錯誤, DROP 的時候集中放在同一個區域
DROP SEQUENCE SEQ_MEAL_TYPE_NO;
CREATE SEQUENCE SEQ_MEAL_TYPE_NO;
INSERT INTO MEAL_TYPE(MEAL_TYPE_NO, TYPE_NAME)
VALUES('MT'||TO_CHAR(SEQ_MEAL_TYPE_NO.nextval,'FM000'),'主菜');
INSERT INTO MEAL_TYPE(MEAL_TYPE_NO, TYPE_NAME)
VALUES('MT'||TO_CHAR(SEQ_MEAL_TYPE_NO.nextval,'FM000'),'甜點');
INSERT INTO MEAL_TYPE(MEAL_TYPE_NO, TYPE_NAME)
VALUES('MT'||TO_CHAR(SEQ_MEAL_TYPE_NO.nextval,'FM000'),'湯');
INSERT INTO MEAL_TYPE(MEAL_TYPE_NO, TYPE_NAME)
VALUES('MT'||TO_CHAR(SEQ_MEAL_TYPE_NO.nextval,'FM000'),'小菜');
INSERT INTO MEAL_TYPE(MEAL_TYPE_NO, TYPE_NAME)
VALUES('MT'||TO_CHAR(SEQ_MEAL_TYPE_NO.nextval,'FM000'),'港式點心');

------------------------------------------------------------------
-- 餐點
DROP SEQUENCE SEQ_MEAL_NO;
CREATE SEQUENCE SEQ_MEAL_NO;
--主菜
INSERT INTO MEAL(MEAL_NO, RES_NO, MEAL_TYPE_NO, PRICE, MEAL_NAME, MEAL_INTRODUCTION, MEAL_DATE, MEAL_STATUS)
VALUES('M'||TO_CHAR(SEQ_MEAL_NO.nextval,'FM0000'),'REST000003', 'MT001', 3300, '澳洲和牛9級菲力牛排', 'Australian M9 Wagyu Fillet Mignon', TO_DATE('2014-05-17','YYYY-MM-DD'), 1);
INSERT INTO MEAL(MEAL_NO, RES_NO, MEAL_TYPE_NO, PRICE, MEAL_NAME, MEAL_INTRODUCTION, MEAL_DATE, MEAL_STATUS)
VALUES('M'||TO_CHAR(SEQ_MEAL_NO.nextval,'FM0000'),'REST000003', 'MT001', 3200, '美國頂級肋眼牛排', 'U.S. Prime Rib-eye Steak', TO_DATE('2014-05-17','YYYY-MM-DD'), 1);
INSERT INTO MEAL(MEAL_NO, RES_NO, MEAL_TYPE_NO, PRICE, MEAL_NAME, MEAL_INTRODUCTION, MEAL_DATE, MEAL_STATUS)
VALUES('M'||TO_CHAR(SEQ_MEAL_NO.nextval,'FM0000'),'REST000003', 'MT001', 3000, '澳洲和牛9級紐約客牛排', 'Australian M9 Wagyu Striploin', TO_DATE('2014-05-17','YYYY-MM-DD'), 1);

--甜點
INSERT INTO MEAL(MEAL_NO, RES_NO, MEAL_TYPE_NO, PRICE, MEAL_NAME, MEAL_INTRODUCTION, MEAL_DATE, MEAL_STATUS)
VALUES('M'||TO_CHAR(SEQ_MEAL_NO.nextval,'FM0000'),'REST000003', 'MT002', 480, '法國白桃及香草冰淇淋', 'French Peach and Vanilla Ice Cream', TO_DATE('2014-08-12','YYYY-MM-DD'), 1);
INSERT INTO MEAL(MEAL_NO, RES_NO, MEAL_TYPE_NO, PRICE, MEAL_NAME, MEAL_INTRODUCTION, MEAL_DATE, MEAL_STATUS)
VALUES('M'||TO_CHAR(SEQ_MEAL_NO.nextval,'FM0000'),'REST000003', 'MT002', 350, '開心果草莓蛋糕', 'Pistachios Strawberry Cake', TO_DATE('2014-08-12','YYYY-MM-DD'), 1);
INSERT INTO MEAL(MEAL_NO, RES_NO, MEAL_TYPE_NO, PRICE, MEAL_NAME, MEAL_INTRODUCTION, MEAL_DATE, MEAL_STATUS)
VALUES('M'||TO_CHAR(SEQ_MEAL_NO.nextval,'FM0000'),'REST000003', 'MT002', 360, '季節鮮果盤', 'Fresh Seasonal Fruit Platter', TO_DATE('2014-08-12','YYYY-MM-DD'), 1);

--湯
INSERT INTO MEAL(MEAL_NO, RES_NO, MEAL_TYPE_NO, PRICE, MEAL_NAME, MEAL_INTRODUCTION, MEAL_DATE, MEAL_STATUS)
VALUES('M'||TO_CHAR(SEQ_MEAL_NO.nextval,'FM0000'),'REST000003', 'MT003', 780, '經典龍蝦濃湯', 'Classic Lobster Bisque', TO_DATE('2014-08-12','YYYY-MM-DD'), 1);
INSERT INTO MEAL(MEAL_NO, RES_NO, MEAL_TYPE_NO, PRICE, MEAL_NAME, MEAL_INTRODUCTION, MEAL_DATE, MEAL_STATUS)
VALUES('M'||TO_CHAR(SEQ_MEAL_NO.nextval,'FM0000'),'REST000003', 'MT003', 420, '蘑菇卡布奇諾湯', 'Mushroom Cappuccino Soup', TO_DATE('2014-08-12','YYYY-MM-DD'), 1);
INSERT INTO MEAL(MEAL_NO, RES_NO, MEAL_TYPE_NO, PRICE, MEAL_NAME, MEAL_INTRODUCTION, MEAL_DATE, MEAL_STATUS)
VALUES('M'||TO_CHAR(SEQ_MEAL_NO.nextval,'FM0000'),'REST000003', 'MT003', 380, '起士洋蔥湯', 'Onion Soup', TO_DATE('2014-08-12','YYYY-MM-DD'), 1);

--小菜
INSERT INTO MEAL(MEAL_NO, RES_NO, MEAL_TYPE_NO, PRICE, MEAL_NAME, MEAL_INTRODUCTION, MEAL_DATE, MEAL_STATUS) 
VALUES ('M'||TO_CHAR(SEQ_MEAL_NO.nextval,'FM0000'), 'REST000001', 'MT004', '300', '紹興醉鳳爪' , 'Chicken Feet with Chinese Wine' , '2020-03-23', '1');
INSERT INTO MEAL(MEAL_NO, RES_NO, MEAL_TYPE_NO, PRICE, MEAL_NAME, MEAL_INTRODUCTION, MEAL_DATE, MEAL_STATUS) 
VALUES ('M'||TO_CHAR(SEQ_MEAL_NO.nextval,'FM0000'), 'REST000001', 'MT004', '280', ' 榨菜絲海蜇' , 'Jelly Fish with Preserved Vegetable' , '2020-03-23', '1');
INSERT INTO MEAL(MEAL_NO, RES_NO, MEAL_TYPE_NO, PRICE, MEAL_NAME, MEAL_INTRODUCTION, MEAL_DATE, MEAL_STATUS) 
VALUES ('M'||TO_CHAR(SEQ_MEAL_NO.nextval,'FM0000'), 'REST000001', 'MT004', '260', '肚絲白菜' , 'Pork Tripe and Cabbage with Chinkiang Vinegar' , '2020-03-23', '1');

--港式
INSERT INTO MEAL(MEAL_NO, RES_NO, MEAL_TYPE_NO, PRICE, MEAL_NAME, MEAL_INTRODUCTION, MEAL_DATE, MEAL_STATUS) 
VALUES ('M'||TO_CHAR(SEQ_MEAL_NO.nextval,'FM0000'), 'REST000001', 'MT005', '220', '金絲蘿蔔餅' , 'Deep-fried Pastry Stuffed with Barbecued Pork, Mushrooms and Sliced Turnip ' , '2020-03-23', '1');
INSERT INTO MEAL(MEAL_NO, RES_NO, MEAL_TYPE_NO, PRICE, MEAL_NAME, MEAL_INTRODUCTION, MEAL_DATE, MEAL_STATUS) 
VALUES ('M'||TO_CHAR(SEQ_MEAL_NO.nextval,'FM0000'), 'REST000001', 'MT005', '780', '辰園養生煲湯' , 'Dragon Special Nutritious Soup /  Serves 4-6 Persons' , '2020-03-23', '1');
INSERT INTO MEAL(MEAL_NO, RES_NO, MEAL_TYPE_NO, PRICE, MEAL_NAME, MEAL_INTRODUCTION, MEAL_DATE, MEAL_STATUS) 
VALUES ('M'||TO_CHAR(SEQ_MEAL_NO.nextval,'FM0000'), 'REST000001', 'MT005', '280', '春風得意腸粉' , 'Rice Rolls with Shredded Carrot, Black Fungus, Shrimp and Scallions' , '2020-03-23', '1');
INSERT INTO MEAL(MEAL_NO, RES_NO, MEAL_TYPE_NO, PRICE, MEAL_NAME, MEAL_INTRODUCTION, MEAL_DATE, MEAL_STATUS) 
VALUES ('M'||TO_CHAR(SEQ_MEAL_NO.nextval,'FM0000'), 'REST000001', 'MT005', '380', '鮑魚糯米燒賣' , 'Abalone Shaomai' , '2020-03-23', '1');
INSERT INTO MEAL(MEAL_NO, RES_NO, MEAL_TYPE_NO, PRICE, MEAL_NAME, MEAL_INTRODUCTION, MEAL_DATE, MEAL_STATUS) 
VALUES ('M'||TO_CHAR(SEQ_MEAL_NO.nextval,'FM0000'), 'REST000001', 'MT005', '240', '蟹黃明蝦餃' , 'Steamed Dumplings Stuffed with Crab Roe' , '2020-03-23', '1');
INSERT INTO MEAL(MEAL_NO, RES_NO, MEAL_TYPE_NO, PRICE, MEAL_NAME, MEAL_INTRODUCTION, MEAL_DATE, MEAL_STATUS) 
VALUES ('M'||TO_CHAR(SEQ_MEAL_NO.nextval,'FM0000'), 'REST000001', 'MT005', '240', '起司海鮮塔 ' , 'Baked Seafood Tart with Cheese, Scallops, Shrimp and Mushrooms' , '2020-03-23', '1');
INSERT INTO MEAL(MEAL_NO, RES_NO, MEAL_TYPE_NO, PRICE, MEAL_NAME, MEAL_INTRODUCTION, MEAL_DATE, MEAL_STATUS) 
VALUES ('M'||TO_CHAR(SEQ_MEAL_NO.nextval,'FM0000'), 'REST000001', 'MT005', '220', '蝶豆花火鴨包 ' , 'Steamed Butterfly Pea Essence,Duck Meat, Bamboo Shoots, Mushrooms and Dumpling' , '2020-03-23', '1');

------------------------------------------------------------------
-- 客房訂餐訂單
DROP SEQUENCE SEQ_ROOM_MEAL_ORDER_NO;
CREATE SEQUENCE SEQ_ROOM_MEAL_ORDER_NO;

Insert into DA106G1.ROOM_MEAL_ORDER_MASTER (ROOM_MEAL_ORDER_NO,B_ORDER_NO,ROOM_NO,EMP_ID,TOTAL_PRICE,ORDER_DATE,RO_ORDER_STATUS,SPECIAL_REQUIREMENT) values ('ROM-20200511-001','BM-20200511-001','314',null,840,to_date('2020-05-11','YYYY-MM-DD'),4,null);
Insert into DA106G1.ROOM_MEAL_ORDER_MASTER (ROOM_MEAL_ORDER_NO,B_ORDER_NO,ROOM_NO,EMP_ID,TOTAL_PRICE,ORDER_DATE,RO_ORDER_STATUS,SPECIAL_REQUIREMENT) values ('ROM-20200512-001','BM-20200512-001','102',null,6200,to_date('2020-05-12','YYYY-MM-DD'),3,null);
Insert into DA106G1.ROOM_MEAL_ORDER_MASTER (ROOM_MEAL_ORDER_NO,B_ORDER_NO,ROOM_NO,EMP_ID,TOTAL_PRICE,ORDER_DATE,RO_ORDER_STATUS,SPECIAL_REQUIREMENT) values ('ROM-20200512-002','BM-20200512-002','209',null,6200,to_date('2020-05-13','YYYY-MM-DD'),3,null);
Insert into DA106G1.ROOM_MEAL_ORDER_MASTER (ROOM_MEAL_ORDER_NO,B_ORDER_NO,ROOM_NO,EMP_ID,TOTAL_PRICE,ORDER_DATE,RO_ORDER_STATUS,SPECIAL_REQUIREMENT) values ('ROM-20200513-001','BM-20200512-002','219',null,9980,to_date('2020-05-13','YYYY-MM-DD'),3,null);
Insert into DA106G1.ROOM_MEAL_ORDER_MASTER (ROOM_MEAL_ORDER_NO,B_ORDER_NO,ROOM_NO,EMP_ID,TOTAL_PRICE,ORDER_DATE,RO_ORDER_STATUS,SPECIAL_REQUIREMENT) values ('ROM-20200513-002','BM-20200512-002','209',null,3000,to_date('2020-05-13','YYYY-MM-DD'),3,null);
Insert into DA106G1.ROOM_MEAL_ORDER_MASTER (ROOM_MEAL_ORDER_NO,B_ORDER_NO,ROOM_NO,EMP_ID,TOTAL_PRICE,ORDER_DATE,RO_ORDER_STATUS,SPECIAL_REQUIREMENT) values ('ROM-20200513-003','BM-20200512-003','707',null,7540,to_date('2020-05-13','YYYY-MM-DD'),3,null);

------------------------------------------------------------------
-- 客房訂餐訂單明細


Insert into DA106G1.ROOM_MEAL_ORDER_DETAIL (ROOM_MEAL_ORDER_NO,MEAL_NO,QUANTITY,PRICE) values ('ROM-20200511-001','M0010',1,300);
Insert into DA106G1.ROOM_MEAL_ORDER_DETAIL (ROOM_MEAL_ORDER_NO,MEAL_NO,QUANTITY,PRICE) values ('ROM-20200511-001','M0011',2,280);
Insert into DA106G1.ROOM_MEAL_ORDER_DETAIL (ROOM_MEAL_ORDER_NO,MEAL_NO,QUANTITY,PRICE) values ('ROM-20200511-001','M0012',1,260);
Insert into DA106G1.ROOM_MEAL_ORDER_DETAIL (ROOM_MEAL_ORDER_NO,MEAL_NO,QUANTITY,PRICE) values ('ROM-20200512-001','M0002',1,3200);
Insert into DA106G1.ROOM_MEAL_ORDER_DETAIL (ROOM_MEAL_ORDER_NO,MEAL_NO,QUANTITY,PRICE) values ('ROM-20200512-001','M0003',3,3000);
Insert into DA106G1.ROOM_MEAL_ORDER_DETAIL (ROOM_MEAL_ORDER_NO,MEAL_NO,QUANTITY,PRICE) values ('ROM-20200512-002','M0002',2,3200);
Insert into DA106G1.ROOM_MEAL_ORDER_DETAIL (ROOM_MEAL_ORDER_NO,MEAL_NO,QUANTITY,PRICE) values ('ROM-20200512-002','M0003',4,3000);
Insert into DA106G1.ROOM_MEAL_ORDER_DETAIL (ROOM_MEAL_ORDER_NO,MEAL_NO,QUANTITY,PRICE) values ('ROM-20200513-001','M0001',1,3300);
Insert into DA106G1.ROOM_MEAL_ORDER_DETAIL (ROOM_MEAL_ORDER_NO,MEAL_NO,QUANTITY,PRICE) values ('ROM-20200513-001','M0002',1,3200);
Insert into DA106G1.ROOM_MEAL_ORDER_DETAIL (ROOM_MEAL_ORDER_NO,MEAL_NO,QUANTITY,PRICE) values ('ROM-20200513-001','M0003',2,3000);
Insert into DA106G1.ROOM_MEAL_ORDER_DETAIL (ROOM_MEAL_ORDER_NO,MEAL_NO,QUANTITY,PRICE) values ('ROM-20200513-001','M0004',1,480);
Insert into DA106G1.ROOM_MEAL_ORDER_DETAIL (ROOM_MEAL_ORDER_NO,MEAL_NO,QUANTITY,PRICE) values ('ROM-20200513-002','M0003',1,3000);
Insert into DA106G1.ROOM_MEAL_ORDER_DETAIL (ROOM_MEAL_ORDER_NO,MEAL_NO,QUANTITY,PRICE) values ('ROM-20200513-003','M0002',1,3200);
Insert into DA106G1.ROOM_MEAL_ORDER_DETAIL (ROOM_MEAL_ORDER_NO,MEAL_NO,QUANTITY,PRICE) values ('ROM-20200513-003','M0003',1,3000);
Insert into DA106G1.ROOM_MEAL_ORDER_DETAIL (ROOM_MEAL_ORDER_NO,MEAL_NO,QUANTITY,PRICE) values ('ROM-20200513-003','M0015',1,280);
Insert into DA106G1.ROOM_MEAL_ORDER_DETAIL (ROOM_MEAL_ORDER_NO,MEAL_NO,QUANTITY,PRICE) values ('ROM-20200513-003','M0014',1,780);
Insert into DA106G1.ROOM_MEAL_ORDER_DETAIL (ROOM_MEAL_ORDER_NO,MEAL_NO,QUANTITY,PRICE) values ('ROM-20200513-003','M0011',2,280);



--------------------------------------------------------------------------------------------------------------------------------------
--餐廳用餐訂單*5

DROP SEQUENCE SEQ_RES_MEAL_ORDER_NO;
CREATE SEQUENCE SEQ_RES_MEAL_ORDER_NO;
--INSERT INTO RES_MEAL_ORDER_MASTER(RES_MEAL_ORDER_NO, B_ORDER_NO, TABLE_NO, TOTAL_PRICE, ORDER_DATE, SPECIAL_REQUIREMENT) 
--VALUES ('RESM-'||TO_CHAR(SYSDATE,'YYYYMMDD')||'-'||TO_CHAR(SEQ_RES_MEAL_ORDER_NO.NEXTVAL,'FM000'), 'BM-20200321-001', '001', '900', '2020-03-23' ,  '無');

--------------------------------------------------------------------------------------------------------------------------------------
--427更新
--餐廳用餐訂單明細*5


--------------------------------------------------------------------------------------------------------------------------------------
--餐廳預約訂位
--餐廳預約訂位

DROP SEQUENCE SEQ_RESERVATION_NO;
CREATE SEQUENCE SEQ_RESERVATION_NO;

INSERT INTO RES_RESERVATION(RESERVATION_NO, CUS_ID, RES_NO, RESERVATION_DATE, RESV_PERIOD, RESV_PEOPLE) 
VALUES ('RV-'||TO_CHAR(SYSDATE,'YYYYMMDD')||'-'||TO_CHAR(SEQ_RESERVATION_NO.nextval, 'FM000'), 'CUS0000001', 'REST000001', '2020-05-14' , '8' , '3' );

INSERT INTO RES_RESERVATION(RESERVATION_NO, CUS_ID, RES_NO, RESERVATION_DATE, RESV_PERIOD, RESV_PEOPLE) 
VALUES ('RV-'||TO_CHAR(SYSDATE,'YYYYMMDD')||'-'||TO_CHAR(SEQ_RESERVATION_NO.nextval, 'FM000'), 'CUS0000002', 'REST000001', '2020-05-14' , '1' , '2' );

INSERT INTO RES_RESERVATION(RESERVATION_NO, CUS_ID, RES_NO, RESERVATION_DATE, RESV_PERIOD, RESV_PEOPLE) 
VALUES ('RV-'||TO_CHAR(SYSDATE,'YYYYMMDD')||'-'||TO_CHAR(SEQ_RESERVATION_NO.nextval, 'FM000'), 'CUS0000003', 'REST000003', '2020-05-14' , '2' , '10' );

INSERT INTO RES_RESERVATION(RESERVATION_NO, CUS_ID, RES_NO, RESERVATION_DATE, RESV_PERIOD, RESV_PEOPLE) 
VALUES ('RV-'||TO_CHAR(SYSDATE,'YYYYMMDD')||'-'||TO_CHAR(SEQ_RESERVATION_NO.nextval, 'FM000'), 'CUS0000001', 'REST000003', '2020-05-14' , '1' , '13' );

INSERT INTO RES_RESERVATION(RESERVATION_NO, CUS_ID, RES_NO, RESERVATION_DATE, RESV_PERIOD, RESV_PEOPLE) 
VALUES ('RV-'||TO_CHAR(SYSDATE,'YYYYMMDD')||'-'||TO_CHAR(SEQ_RESERVATION_NO.nextval, 'FM000'), 'CUS0000004', 'REST000003', '2020-05-14' , '1' , '8' );--------------------------------------------------------------------------------------------------------------------------------------

--------------------------------------------------------------------------------------------------
-- 收藏餐點
INSERT INTO FAVORITE_MEAL(CUS_ID, MEAL_NO)
VALUES('CUS0000002','M0002');
INSERT INTO FAVORITE_MEAL(CUS_ID, MEAL_NO)
VALUES('CUS0000002','M0001');
INSERT INTO FAVORITE_MEAL(CUS_ID, MEAL_NO)
VALUES('CUS0000002','M0003');
INSERT INTO FAVORITE_MEAL(CUS_ID, MEAL_NO)
VALUES('CUS0000002','M0004');
INSERT INTO FAVORITE_MEAL(CUS_ID, MEAL_NO)
VALUES('CUS0000003','M0002');
INSERT INTO FAVORITE_MEAL(CUS_ID, MEAL_NO)
VALUES('CUS0000001','M0002');
INSERT INTO FAVORITE_MEAL(CUS_ID, MEAL_NO)
VALUES('CUS0000005','M0002');
INSERT INTO FAVORITE_MEAL(CUS_ID, MEAL_NO)
VALUES('CUS0000004','M0002');
INSERT INTO FAVORITE_MEAL(CUS_ID, MEAL_NO)
VALUES('CUS0000006','M0002');


--------------------------------------------------------------------------------------------------------------------------------------
--日記

DROP SEQUENCE SEQ_DIARY_NO;
CREATE SEQUENCE SEQ_DIARY_NO
    INCREMENT BY 1 
    START WITH 1
    NOMAXVALUE NOCYCLE NOCACHE;

INSERT INTO diary
    (diary_no,cus_id,diary_date,diary_title,diary_content,diary_status)
VALUES('DI'||LPAD(to_char(SEQ_DIARY_NO.NEXTVAL),6,'0'), 'CUS0000001', TO_DATE('2020-03-22','yyyy-mm-dd'),
        '很棒的一家飯店 硬體軟體都很好',
        '這次住宿是因為要去看演唱會，怕演唱會結束時太晚，所以訂了這家飯店。本來有在agoda上查到這家飯店和福容飯店，但發現好像agoda的價錢比較貴，也沒有適合三人住的房間，去飯店官網查發現有雅緻四人房，有兩張雙人床，價錢比agoda上面便宜。本來因為在官網訂，上面說只含兩個人的早餐，打電話去問原來四人房就有含四個人的早餐，態度也很好。去到桃園的這家飯店後，雖然停車場的位置不多，但飯店一樓很大，大廳放著古典音樂，還有鋼琴，魚缸，讓人休息的沙發。服務人員態度很好，我們是在14樓的雅緻四人房，從14 樓望出去的景色很漂亮，廁所有乾濕分離的淋浴間還有浴缸，還是免治馬桶，床有點硬，但房間很大，還有免費的蘋果和冰箱的雪碧可樂。最重要的是，住進去那天不小心打破蘋果的盤子，他們沒有跟我們收費，還問我們有沒有受傷，實在是軟硬體都很好。',
        1);

INSERT INTO diary
    (diary_no,cus_id,diary_date,diary_title,diary_content,diary_status)
VALUES('DI'||LPAD(to_char(SEQ_DIARY_NO.NEXTVAL),6,'0'), 'CUS0000002', TO_DATE('2020-03-22','yyyy-mm-dd'),
        '參加好友婚禮順便入住一下飯店',
        '2月農曆年後至桃園翰品參加好友婚禮，跟先生討論後決定晚上吃完喜宴就住一晚飯店體驗一下桃園翰品。
入住前接到飯店訂房來電確認住宿事宜，當我提到有一位5歲孩童隨行，她馬上貼心的說：我幫您把床靠牆。超貼心的（我都還沒開口她已經想到了），入住當天辦理Check in的櫃台人員好親切，還貼心告知喜宴樓層。
晚上在翰品3樓宴會廳用餐，場地也超棒的，現場服務人員也很貼心。
此次入住及用餐都非常開心，謝謝您們給了我與家人一個很棒的體驗。',
        1);

INSERT INTO diary
    (diary_no,cus_id,diary_date,diary_title,diary_content,diary_status)
VALUES('DI'||LPAD(to_char(SEQ_DIARY_NO.NEXTVAL),6,'0'), 'CUS0000003', TO_DATE('2020-03-22','yyyy-mm-dd'),
        '回家探親',
        '每次新年期間都會回家探親，固定入住Hotel UNUS飯店。此次過年入住為尊榮樓層（8樓）之經典客房;除斬新裝潢設計與客房內各類硬體需求讓人十分滿意外，
雖我們一開始為網路訂房，但飯店從聯絡e-mail帳號發現是商業合作簽約客戶，竟主動來電提醒!真是太貼心、太專業了!!
經典客房的設施;無論在空調、電視、舒服的大床、樓層專屬公共閱讀空間與之免費休憩茶點……行程結束讓我們流連忘返，以後到桃園入住這裡絕對是首選。',
        1
);

INSERT INTO diary
    (diary_no,cus_id,diary_date,diary_title,diary_content,diary_status)
VALUES('DI'||LPAD(to_char(SEQ_DIARY_NO.NEXTVAL),6,'0'), 'CUS0000004', TO_DATE('2020-03-22','yyyy-mm-dd'),
        '服務很多的飯店',
        '從香港回到台灣差別最大的就是溫度，這是一家很有溫度的飯店，從計程車ㄧ到門口就有服務人員準備幫忙拿行李，櫃台親切辦入住，退房時遇到打掃人員也熱情問候，到了門口一樣是主動的幫忙拿行李上車。服務真的很好。',
        1
);

INSERT INTO diary
    (diary_no,cus_id,diary_date,diary_title,diary_content,diary_status)
VALUES('DI'||LPAD(to_char(SEQ_DIARY_NO.NEXTVAL),6,'0'), 'CUS0000005', TO_DATE('2020-03-22','yyyy-mm-dd'),
        '地理位置佳，推薦親子同行！',
        '在check in時，想再次跟櫃檯確認借嬰兒澡盆之事，服務人員告知已備妥，並貼心詢問是否需要奶瓶消毒鍋？嬰兒床等服務。

進房沒多久，就有一位服務人員將消毒鍋送進房間，且主動協助開啟暖氣並教導如何調整使用。

服務人員的熱心與主動，讓人備感溫暖。',
        1
);

INSERT INTO diary
    (diary_no,cus_id,diary_date,diary_title,diary_content,diary_status)
VALUES('DI'||LPAD(to_char(SEQ_DIARY_NO.NEXTVAL),6,'0'), 'CUS0000006', TO_DATE('2020-03-22','yyyy-mm-dd'),
        '感覺很棒的飯店！',
        '以同一價位來看，CP值相對高。當然位置有火車站，夜市，百貨公司等就在周邊，停車也相當不錯。
飯店房間除了有迎賓水果，浴室有淋浴間及浴缸，除了床墊非獨立筒外，還算不錯。
還有19樓有質感不錯的健身房及有電腦及咖啡機還有書報的交誼廳。',
        1
);

INSERT INTO diary
    (diary_no,cus_id,diary_date,diary_title,diary_content,diary_status)
VALUES('DI'||LPAD(to_char(SEQ_DIARY_NO.NEXTVAL),6,'0'), 'CUS0000001', TO_DATE('2020-03-22','yyyy-mm-dd'),
        '平價裡的高級享受！',
        '因為一早就到達飯點還無法進房，於是在大廳寄放行李，到了深夜才回來check in，沒想到櫃台小姐告知行李已被送至房間內，還詢問我們一早是否需要提供報紙的服務，退房時也問我們需不需要叫計程車，覺得很貼心。
因選擇端午期間住宿，房內除了迎賓水果外還贈送了端午節避邪香包，滿驚喜的！
床鋪偏硬，浴室有浴缸和淋浴間，比較特別是有附贈浴鹽和針線包，是同價位飯店不常出現的。
19f的交誼廳備有茶水咖啡和零食，旁邊就是健身房，很放鬆的地方～
如果下次再來桃園，依然會選設施和服務都很優良的Hotel UNUS。',
        1
);

INSERT INTO diary
    (diary_no,cus_id,diary_date,diary_title,diary_content,diary_status)
VALUES('DI'||LPAD(to_char(SEQ_DIARY_NO.NEXTVAL),6,'0'), 'CUS0000002', TO_DATE('2020-03-22','yyyy-mm-dd'),
        '很好的住宿品質,價格合理！',
        '進入飯店大廳覺得典雅溫馨,櫃台接待專業親切,房間看得出有些歷史卻能維護的很好,使用浴室還能欣賞到市景,迎賓水果提供三種雙人份很大器;住宿期間可以免費洗衣,使用健身房,交誼廳也有提供報紙雜誌及免費飲料小點,晚上客人出入一樓大廳有專人幫忙開門,整體服務很週到,早餐也維持翰品酒店應有的水準,個人覺得非常滿意。',
        1
);

INSERT INTO diary
    (diary_no,cus_id,diary_date,diary_title,diary_content,diary_status)
VALUES('DI'||LPAD(to_char(SEQ_DIARY_NO.NEXTVAL),6,'0'), 'CUS0000003', TO_DATE('2020-03-22','yyyy-mm-dd'),
        '令人驚艷！',
        '春節期間再度住宿於此，除夕當晚在大廳竟然有舞獅團表演，敲鑼打鼓，氣氛熱絡，讓已漸漸流失的過年氛圍，注入了一股活力與感動，雖是過年期間，但現場服務人員依舊熱忱的給予接待，每位工作人員的臉上都洋溢著歡愉的笑容，給人濃濃的佳節喜氣，房間的空調系統配置有暖氣功能，太棒了！畢竟這是一般飯店較為少見的，也讓我寒冷的夜裡，依舊舒適入眠！',
        1
);

INSERT INTO diary
    (diary_no,cus_id,diary_date,diary_title,diary_content,diary_status)
VALUES('DI'||LPAD(to_char(SEQ_DIARY_NO.NEXTVAL),6,'0'), 'CUS0000003', TO_DATE('2020-03-22','yyyy-mm-dd'),
        '肯定是最用心的飯店',
        '因為在林口參與會議需求需求大量房間，過程中多次與飯店人員接洽，飯店人員皆耐心應對並細心確認我們每一項需求，並全力配合。

飯店雖然不是新的飯店，但地點相當好，鬧中取靜。裝潢擺飾也非常高貴典雅。

房內還貼心準備水果與飲料，環境整潔，床鋪舒適軟硬適中。

接待服務人員專業應對，親切有禮。

飯店早餐雖不比五星飯店，但卻應有盡有，還有多項獨特的手工果醬。

真的是十分推薦的飯店！',
        1
);

--------------------------------------------------------------------------------------------------------------------------------------
--日誌留言

DROP SEQUENCE SEQ_DIARY_MESSAGE_NO;
CREATE SEQUENCE SEQ_DIARY_MESSAGE_NO
INCREMENT BY 1 
START WITH 1
NOMAXVALUE NOCYCLE NOCACHE;

INSERT INTO diary_message
    (diary_message_no,cus_id,diary_no,diary_message_date,diary_message_content,diary_message_status)
VALUES('DIME'||LPAD(to_char(SEQ_DIARY_MESSAGE_NO.NEXTVAL),6,'0'), 'CUS0000004', 'DI000002', TO_DATE('2020-03-22','yyyy-mm-dd'),
        '這次約朋友 有空閒一點時間 才觀察到池畔有怎麼靜 雅 美的環境 隨手照了幾張相片 真的如詩如畫 而且有好多居民一大早來此運動 散步 勁走 順道欣賞美景 霧峰是個好地方 也可順道參觀古色古香 林家花園 午餐也可吃吃 有名當地老牌 羊肉盧 一日遊就行程了 假期帶著全家來走走喲好久沒去議蘆會館週邊走走了 這次約朋友 有空閒一點時間 才觀察到池畔有怎麼靜 雅 美的環境 隨手照了幾張相片 真的如詩如畫 而且有好多居民一大早來此運動 散步 勁走 順道欣賞美景 霧峰是個好地方 也可順道參觀古色古香 林家花園 午餐也可吃吃 有名當地老牌 羊肉盧 一日遊就行程了 假期帶著全家來走走喲'
, 1);

INSERT INTO diary_message
    (diary_message_no,cus_id,diary_no,diary_message_date,diary_message_content,diary_message_status)
VALUES('DIME'||LPAD(to_char(SEQ_DIARY_MESSAGE_NO.NEXTVAL),6,'0'), 'CUS0000005', 'DI000005', TO_DATE('2020-03-22','yyyy-mm-dd'),
        '第一次去用餐，老闆尾牙宴招待，一桌$8000元感覺比$5000的品質還差，紅蟳米糕不新鮮，一盤10隻蝦子超小隻，蘆筍只炒秀珍菇和甜椒，真的很懷疑這是$8000的桌菜，還有單點800元素食餐也只有$300到$400的價值而已；唯一讚美的地方只有用餐環境尚可第一次去用餐，老闆尾牙宴招待，一桌$8000元感覺比$5000的品質還差，紅蟳米糕不新鮮，一盤10隻蝦子超小隻，蘆筍只炒秀珍菇和甜椒，真的很懷疑這是$8000的桌菜，還有單點800元素食餐也只有$300到$400的價值而已；唯一讚美的地方只有用餐環境尚可'
, 1);

INSERT INTO diary_message
    (diary_message_no,cus_id,diary_no,diary_message_date,diary_message_content,diary_message_status)
VALUES('DIME'||LPAD(to_char(SEQ_DIARY_MESSAGE_NO.NEXTVAL),6,'0'), 'CUS0000005', 'DI000004', TO_DATE('2020-03-22','yyyy-mm-dd'),
        '今早10：00左右去喝咖啡，我們五個人，感覺整個餐廳只歸我們享用，讚啦！今早10：00左右去喝咖啡，我們五個人，感覺整個餐廳只歸我們享用，讚啦！'
, 1);

INSERT INTO diary_message
    (diary_message_no,cus_id,diary_no,diary_message_date,diary_message_content,diary_message_status)
VALUES('DIME'||LPAD(to_char(SEQ_DIARY_MESSAGE_NO.NEXTVAL),6,'0'), 'CUS0000002', 'DI000003', TO_DATE('2020-03-22','yyyy-mm-dd'),
        '環境很好，服務親切，物超所值，以後會常去，謝謝!環境很好，服務親切，物超所值，以後會常去，謝謝!'
, 1);

INSERT INTO diary_message
    (diary_message_no,cus_id,diary_no,diary_message_date,diary_message_content,diary_message_status)
VALUES('DIME'||LPAD(to_char(SEQ_DIARY_MESSAGE_NO.NEXTVAL),6,'0'), 'CUS0000003', 'DI000001', TO_DATE('2020-03-22','yyyy-mm-dd'),
        '服務滿分，環境幽雅，有歷史意義，套餐意外的好吃，下次再試桌菜
喜歡服務滿分，環境幽雅，有歷史意義，套餐意外的好吃，下次再試桌菜'
, 1);



--------------------------------------------------------------------------------------------------------------------------------------
--訊息檢舉

DROP SEQUENCE SQL_MESSAGE_REPORT;
CREATE SEQUENCE SQL_MESSAGE_REPORT
INCREMENT BY 1 
START WITH 1
NOMAXVALUE NOCYCLE NOCACHE;

INSERT INTO message_report
    (message_report_no,cus_id,diary_no,diary_message_no,report_project,report_date,message_report_status)
VALUES('mere'||LPAD(to_char(SQL_MESSAGE_REPORT.NEXTVAL),6,'0'), 'CUS0000003', 'DI000001', 'DIME000001', 0, TO_DATE('2020-03-22','yyyy-mm-dd'), 1);

INSERT INTO message_report
    (message_report_no,cus_id,diary_no,diary_message_no,report_project,report_date,message_report_status)
VALUES('mere'||LPAD(to_char(SQL_MESSAGE_REPORT.NEXTVAL),6,'0'), 'CUS0000003', 'DI000002', 'DIME000002', 0, TO_DATE('2020-03-22','yyyy-mm-dd'), 1);

INSERT INTO message_report
    (message_report_no,cus_id,diary_no,diary_message_no,report_project,report_date,message_report_status)
VALUES('mere'||LPAD(to_char(SQL_MESSAGE_REPORT.NEXTVAL),6,'0'),'CUS0000003', 'DI000003', 'DIME000003', 0, TO_DATE('2020-03-22','yyyy-mm-dd'), 1);

INSERT INTO message_report
    (message_report_no,cus_id,diary_no,diary_message_no,report_project,report_date,message_report_status)
VALUES('mere'||LPAD(to_char(SQL_MESSAGE_REPORT.NEXTVAL),6,'0'), 'CUS0000003', 'DI000004', 'DIME000004', 0, TO_DATE('2020-03-22','yyyy-mm-dd'), 1);

INSERT INTO message_report
    (message_report_no,cus_id,diary_no,diary_message_no,report_project,report_date,message_report_status)
VALUES('mere'||LPAD(to_char(SQL_MESSAGE_REPORT.NEXTVAL),6,'0'), 'CUS0000003', 'DI000002', 'DIME000005', 0, TO_DATE('2020-03-22','yyyy-mm-dd'), 1);


--------------------------------------------------------------------------------------------------------------------------------------
--日誌檢舉


DROP SEQUENCE SQL_DIARY_REPORT;
CREATE SEQUENCE SQL_DIARY_REPORT
INCREMENT BY 1 
START WITH 1
NOMAXVALUE NOCYCLE NOCACHE;

INSERT INTO diary_report
    (diary_report_no,cus_id,diary_no,report_project,report_date,DIARY_report_status)
VALUES('dire'||LPAD(to_char(SQL_DIARY_REPORT.NEXTVAL),6,'0'), 'CUS0000001', 'DI0000010', 1, TO_DATE('2020-03-22','yyyy-mm-dd'), 1);

INSERT INTO diary_report
    (diary_report_no,cus_id,diary_no,report_project,report_date,DIARY_report_status)
VALUES('dire'||LPAD(to_char(SQL_DIARY_REPORT.NEXTVAL),6,'0'), 'CUS0000002', 'DI000009', 0, TO_DATE('2020-03-22','yyyy-mm-dd'), 1);

INSERT INTO diary_report
    (diary_report_no,cus_id,diary_no,report_project,report_date,DIARY_report_status)
VALUES('dire'||LPAD(to_char(SQL_DIARY_REPORT.NEXTVAL),6,'0'), 'CUS0000003', 'DI000008', 2, TO_DATE('2020-03-22','yyyy-mm-dd'), 1);

INSERT INTO diary_report
    (diary_report_no,cus_id,diary_no,report_project,report_date,DIARY_report_status)
VALUES('dire'||LPAD(to_char(SQL_DIARY_REPORT.NEXTVAL),6,'0'), 'CUS0000004', 'DI000007', 1, TO_DATE('2020-03-22','yyyy-mm-dd'), 1);

INSERT INTO diary_report
    (diary_report_no,cus_id,diary_no,report_project,report_date,DIARY_report_status)
VALUES('dire'||LPAD(to_char(SQL_DIARY_REPORT.NEXTVAL),6,'0'), 'CUS0000005', 'DI000006', 0, TO_DATE('2020-03-22','yyyy-mm-dd'), 1);

Insert into ROOM_DATE (DATE_TIME,ISHOLIDAY) values (to_date('2020-04-01','yyyy-mm-dd'),1);
Insert into ROOM_DATE (DATE_TIME,ISHOLIDAY) values (to_date('2020-04-02','yyyy-mm-dd'),1);
Insert into ROOM_DATE (DATE_TIME,ISHOLIDAY) values (to_date('2020-04-03','yyyy-mm-dd'),1);
Insert into ROOM_DATE (DATE_TIME,ISHOLIDAY) values (to_date('2020-04-04','yyyy-mm-dd'),1);
Insert into ROOM_DATE (DATE_TIME,ISHOLIDAY) values (to_date('2020-04-05','yyyy-mm-dd'),0);
Insert into ROOM_DATE (DATE_TIME,ISHOLIDAY) values (to_date('2020-04-06','yyyy-mm-dd'),0);
Insert into ROOM_DATE (DATE_TIME,ISHOLIDAY) values (to_date('2020-04-07','yyyy-mm-dd'),0);
Insert into ROOM_DATE (DATE_TIME,ISHOLIDAY) values (to_date('2020-04-08','yyyy-mm-dd'),0);
Insert into ROOM_DATE (DATE_TIME,ISHOLIDAY) values (to_date('2020-04-09','yyyy-mm-dd'),0);
Insert into ROOM_DATE (DATE_TIME,ISHOLIDAY) values (to_date('2020-04-10','yyyy-mm-dd'),1);
Insert into ROOM_DATE (DATE_TIME,ISHOLIDAY) values (to_date('2020-04-11','yyyy-mm-dd'),1);
Insert into ROOM_DATE (DATE_TIME,ISHOLIDAY) values (to_date('2020-04-12','yyyy-mm-dd'),0);
Insert into ROOM_DATE (DATE_TIME,ISHOLIDAY) values (to_date('2020-04-13','yyyy-mm-dd'),0);
Insert into ROOM_DATE (DATE_TIME,ISHOLIDAY) values (to_date('2020-04-14','yyyy-mm-dd'),0);
Insert into ROOM_DATE (DATE_TIME,ISHOLIDAY) values (to_date('2020-04-15','yyyy-mm-dd'),0);
Insert into ROOM_DATE (DATE_TIME,ISHOLIDAY) values (to_date('2020-04-16','yyyy-mm-dd'),0);
Insert into ROOM_DATE (DATE_TIME,ISHOLIDAY) values (to_date('2020-04-17','yyyy-mm-dd'),1);
Insert into ROOM_DATE (DATE_TIME,ISHOLIDAY) values (to_date('2020-04-18','yyyy-mm-dd'),1);
Insert into ROOM_DATE (DATE_TIME,ISHOLIDAY) values (to_date('2020-04-19','yyyy-mm-dd'),0);
Insert into ROOM_DATE (DATE_TIME,ISHOLIDAY) values (to_date('2020-04-20','yyyy-mm-dd'),0);
Insert into ROOM_DATE (DATE_TIME,ISHOLIDAY) values (to_date('2020-04-21','yyyy-mm-dd'),0);
Insert into ROOM_DATE (DATE_TIME,ISHOLIDAY) values (to_date('2020-04-22','yyyy-mm-dd'),0);
Insert into ROOM_DATE (DATE_TIME,ISHOLIDAY) values (to_date('2020-04-23','yyyy-mm-dd'),0);
Insert into ROOM_DATE (DATE_TIME,ISHOLIDAY) values (to_date('2020-04-24','yyyy-mm-dd'),1);
Insert into ROOM_DATE (DATE_TIME,ISHOLIDAY) values (to_date('2020-04-25','yyyy-mm-dd'),1);
Insert into ROOM_DATE (DATE_TIME,ISHOLIDAY) values (to_date('2020-04-26','yyyy-mm-dd'),0);
Insert into ROOM_DATE (DATE_TIME,ISHOLIDAY) values (to_date('2020-04-27','yyyy-mm-dd'),0);
Insert into ROOM_DATE (DATE_TIME,ISHOLIDAY) values (to_date('2020-04-28','yyyy-mm-dd'),0);
Insert into ROOM_DATE (DATE_TIME,ISHOLIDAY) values (to_date('2020-04-29','yyyy-mm-dd'),0);
Insert into ROOM_DATE (DATE_TIME,ISHOLIDAY) values (to_date('2020-04-30','yyyy-mm-dd'),1);
Insert into ROOM_DATE (DATE_TIME,ISHOLIDAY) values (to_date('2020-05-01','yyyy-mm-dd'),1);
Insert into ROOM_DATE (DATE_TIME,ISHOLIDAY) values (to_date('2020-05-02','yyyy-mm-dd'),1);
Insert into ROOM_DATE (DATE_TIME,ISHOLIDAY) values (to_date('2020-05-03','yyyy-mm-dd'),0);
Insert into ROOM_DATE (DATE_TIME,ISHOLIDAY) values (to_date('2020-05-04','yyyy-mm-dd'),0);
Insert into ROOM_DATE (DATE_TIME,ISHOLIDAY) values (to_date('2020-05-05','yyyy-mm-dd'),0);
Insert into ROOM_DATE (DATE_TIME,ISHOLIDAY) values (to_date('2020-05-06','yyyy-mm-dd'),0);
Insert into ROOM_DATE (DATE_TIME,ISHOLIDAY) values (to_date('2020-05-07','yyyy-mm-dd'),0);
Insert into ROOM_DATE (DATE_TIME,ISHOLIDAY) values (to_date('2020-05-08','yyyy-mm-dd'),1);
Insert into ROOM_DATE (DATE_TIME,ISHOLIDAY) values (to_date('2020-05-09','yyyy-mm-dd'),1);
Insert into ROOM_DATE (DATE_TIME,ISHOLIDAY) values (to_date('2020-05-10','yyyy-mm-dd'),0);
Insert into ROOM_DATE (DATE_TIME,ISHOLIDAY) values (to_date('2020-05-11','yyyy-mm-dd'),0);
Insert into ROOM_DATE (DATE_TIME,ISHOLIDAY) values (to_date('2020-05-12','yyyy-mm-dd'),0);
Insert into ROOM_DATE (DATE_TIME,ISHOLIDAY) values (to_date('2020-05-13','yyyy-mm-dd'),0);
Insert into ROOM_DATE (DATE_TIME,ISHOLIDAY) values (to_date('2020-05-14','yyyy-mm-dd'),0);
Insert into ROOM_DATE (DATE_TIME,ISHOLIDAY) values (to_date('2020-05-15','yyyy-mm-dd'),1);
Insert into ROOM_DATE (DATE_TIME,ISHOLIDAY) values (to_date('2020-05-16','yyyy-mm-dd'),1);
Insert into ROOM_DATE (DATE_TIME,ISHOLIDAY) values (to_date('2020-05-17','yyyy-mm-dd'),0);
Insert into ROOM_DATE (DATE_TIME,ISHOLIDAY) values (to_date('2020-05-18','yyyy-mm-dd'),0);
Insert into ROOM_DATE (DATE_TIME,ISHOLIDAY) values (to_date('2020-05-19','yyyy-mm-dd'),0);
Insert into ROOM_DATE (DATE_TIME,ISHOLIDAY) values (to_date('2020-05-20','yyyy-mm-dd'),0);
Insert into ROOM_DATE (DATE_TIME,ISHOLIDAY) values (to_date('2020-05-21','yyyy-mm-dd'),0);
Insert into ROOM_DATE (DATE_TIME,ISHOLIDAY) values (to_date('2020-05-22','yyyy-mm-dd'),1);
Insert into ROOM_DATE (DATE_TIME,ISHOLIDAY) values (to_date('2020-05-23','yyyy-mm-dd'),1);
Insert into ROOM_DATE (DATE_TIME,ISHOLIDAY) values (to_date('2020-05-24','yyyy-mm-dd'),0);
Insert into ROOM_DATE (DATE_TIME,ISHOLIDAY) values (to_date('2020-05-25','yyyy-mm-dd'),0);
Insert into ROOM_DATE (DATE_TIME,ISHOLIDAY) values (to_date('2020-05-26','yyyy-mm-dd'),0);
Insert into ROOM_DATE (DATE_TIME,ISHOLIDAY) values (to_date('2020-05-27','yyyy-mm-dd'),0);
Insert into ROOM_DATE (DATE_TIME,ISHOLIDAY) values (to_date('2020-05-28','yyyy-mm-dd'),0);
Insert into ROOM_DATE (DATE_TIME,ISHOLIDAY) values (to_date('2020-05-29','yyyy-mm-dd'),1);
Insert into ROOM_DATE (DATE_TIME,ISHOLIDAY) values (to_date('2020-05-30','yyyy-mm-dd'),1);
Insert into ROOM_DATE (DATE_TIME,ISHOLIDAY) values (to_date('2020-05-31','yyyy-mm-dd'),0);
Insert into ROOM_DATE (DATE_TIME,ISHOLIDAY) values (to_date('2020-06-01','yyyy-mm-dd'),0);
Insert into ROOM_DATE (DATE_TIME,ISHOLIDAY) values (to_date('2020-06-02','yyyy-mm-dd'),0);
Insert into ROOM_DATE (DATE_TIME,ISHOLIDAY) values (to_date('2020-06-03','yyyy-mm-dd'),0);
Insert into ROOM_DATE (DATE_TIME,ISHOLIDAY) values (to_date('2020-06-04','yyyy-mm-dd'),0);
Insert into ROOM_DATE (DATE_TIME,ISHOLIDAY) values (to_date('2020-06-05','yyyy-mm-dd'),1);
Insert into ROOM_DATE (DATE_TIME,ISHOLIDAY) values (to_date('2020-06-06','yyyy-mm-dd'),1);
Insert into ROOM_DATE (DATE_TIME,ISHOLIDAY) values (to_date('2020-06-07','yyyy-mm-dd'),0);
Insert into ROOM_DATE (DATE_TIME,ISHOLIDAY) values (to_date('2020-06-08','yyyy-mm-dd'),0);
Insert into ROOM_DATE (DATE_TIME,ISHOLIDAY) values (to_date('2020-06-09','yyyy-mm-dd'),0);
Insert into ROOM_DATE (DATE_TIME,ISHOLIDAY) values (to_date('2020-06-10','yyyy-mm-dd'),0);
Insert into ROOM_DATE (DATE_TIME,ISHOLIDAY) values (to_date('2020-06-11','yyyy-mm-dd'),0);
Insert into ROOM_DATE (DATE_TIME,ISHOLIDAY) values (to_date('2020-06-12','yyyy-mm-dd'),1);
Insert into ROOM_DATE (DATE_TIME,ISHOLIDAY) values (to_date('2020-06-13','yyyy-mm-dd'),1);
Insert into ROOM_DATE (DATE_TIME,ISHOLIDAY) values (to_date('2020-06-14','yyyy-mm-dd'),0);
Insert into ROOM_DATE (DATE_TIME,ISHOLIDAY) values (to_date('2020-06-15','yyyy-mm-dd'),0);
Insert into ROOM_DATE (DATE_TIME,ISHOLIDAY) values (to_date('2020-06-16','yyyy-mm-dd'),0);
Insert into ROOM_DATE (DATE_TIME,ISHOLIDAY) values (to_date('2020-06-17','yyyy-mm-dd'),0);
Insert into ROOM_DATE (DATE_TIME,ISHOLIDAY) values (to_date('2020-06-18','yyyy-mm-dd'),0);
Insert into ROOM_DATE (DATE_TIME,ISHOLIDAY) values (to_date('2020-06-19','yyyy-mm-dd'),1);
Insert into ROOM_DATE (DATE_TIME,ISHOLIDAY) values (to_date('2020-06-20','yyyy-mm-dd'),1);
Insert into ROOM_DATE (DATE_TIME,ISHOLIDAY) values (to_date('2020-06-21','yyyy-mm-dd'),0);
Insert into ROOM_DATE (DATE_TIME,ISHOLIDAY) values (to_date('2020-06-22','yyyy-mm-dd'),0);
Insert into ROOM_DATE (DATE_TIME,ISHOLIDAY) values (to_date('2020-06-23','yyyy-mm-dd'),0);
Insert into ROOM_DATE (DATE_TIME,ISHOLIDAY) values (to_date('2020-06-24','yyyy-mm-dd'),1);
Insert into ROOM_DATE (DATE_TIME,ISHOLIDAY) values (to_date('2020-06-25','yyyy-mm-dd'),1);
Insert into ROOM_DATE (DATE_TIME,ISHOLIDAY) values (to_date('2020-06-26','yyyy-mm-dd'),1);
Insert into ROOM_DATE (DATE_TIME,ISHOLIDAY) values (to_date('2020-06-27','yyyy-mm-dd'),1);
Insert into ROOM_DATE (DATE_TIME,ISHOLIDAY) values (to_date('2020-06-28','yyyy-mm-dd'),0);
Insert into ROOM_DATE (DATE_TIME,ISHOLIDAY) values (to_date('2020-06-29','yyyy-mm-dd'),0);
Insert into ROOM_DATE (DATE_TIME,ISHOLIDAY) values (to_date('2020-06-30','yyyy-mm-dd'),0);
Insert into ROOM_DATE (DATE_TIME,ISHOLIDAY) values (to_date('2020-07-01','yyyy-mm-dd'),0);
Insert into ROOM_DATE (DATE_TIME,ISHOLIDAY) values (to_date('2020-07-02','yyyy-mm-dd'),0);
Insert into ROOM_DATE (DATE_TIME,ISHOLIDAY) values (to_date('2020-07-03','yyyy-mm-dd'),1);
Insert into ROOM_DATE (DATE_TIME,ISHOLIDAY) values (to_date('2020-07-04','yyyy-mm-dd'),1);
Insert into ROOM_DATE (DATE_TIME,ISHOLIDAY) values (to_date('2020-07-05','yyyy-mm-dd'),0);
Insert into ROOM_DATE (DATE_TIME,ISHOLIDAY) values (to_date('2020-07-06','yyyy-mm-dd'),0);
Insert into ROOM_DATE (DATE_TIME,ISHOLIDAY) values (to_date('2020-07-07','yyyy-mm-dd'),0);
Insert into ROOM_DATE (DATE_TIME,ISHOLIDAY) values (to_date('2020-07-08','yyyy-mm-dd'),0);
Insert into ROOM_DATE (DATE_TIME,ISHOLIDAY) values (to_date('2020-07-09','yyyy-mm-dd'),0);
Insert into ROOM_DATE (DATE_TIME,ISHOLIDAY) values (to_date('2020-07-10','yyyy-mm-dd'),1);
Insert into ROOM_DATE (DATE_TIME,ISHOLIDAY) values (to_date('2020-07-11','yyyy-mm-dd'),1);
Insert into ROOM_DATE (DATE_TIME,ISHOLIDAY) values (to_date('2020-07-12','yyyy-mm-dd'),0);
Insert into ROOM_DATE (DATE_TIME,ISHOLIDAY) values (to_date('2020-07-13','yyyy-mm-dd'),0);
Insert into ROOM_DATE (DATE_TIME,ISHOLIDAY) values (to_date('2020-07-14','yyyy-mm-dd'),0);
Insert into ROOM_DATE (DATE_TIME,ISHOLIDAY) values (to_date('2020-07-15','yyyy-mm-dd'),0);
Insert into ROOM_DATE (DATE_TIME,ISHOLIDAY) values (to_date('2020-07-16','yyyy-mm-dd'),0);
Insert into ROOM_DATE (DATE_TIME,ISHOLIDAY) values (to_date('2020-07-17','yyyy-mm-dd'),1);
Insert into ROOM_DATE (DATE_TIME,ISHOLIDAY) values (to_date('2020-07-18','yyyy-mm-dd'),1);
Insert into ROOM_DATE (DATE_TIME,ISHOLIDAY) values (to_date('2020-07-19','yyyy-mm-dd'),0);
Insert into ROOM_DATE (DATE_TIME,ISHOLIDAY) values (to_date('2020-07-20','yyyy-mm-dd'),0);
Insert into ROOM_DATE (DATE_TIME,ISHOLIDAY) values (to_date('2020-07-21','yyyy-mm-dd'),0);
Insert into ROOM_DATE (DATE_TIME,ISHOLIDAY) values (to_date('2020-07-22','yyyy-mm-dd'),0);
Insert into ROOM_DATE (DATE_TIME,ISHOLIDAY) values (to_date('2020-07-23','yyyy-mm-dd'),0);
Insert into ROOM_DATE (DATE_TIME,ISHOLIDAY) values (to_date('2020-07-24','yyyy-mm-dd'),1);
Insert into ROOM_DATE (DATE_TIME,ISHOLIDAY) values (to_date('2020-07-25','yyyy-mm-dd'),1);
Insert into ROOM_DATE (DATE_TIME,ISHOLIDAY) values (to_date('2020-07-26','yyyy-mm-dd'),0);
Insert into ROOM_DATE (DATE_TIME,ISHOLIDAY) values (to_date('2020-07-27','yyyy-mm-dd'),0);
Insert into ROOM_DATE (DATE_TIME,ISHOLIDAY) values (to_date('2020-07-28','yyyy-mm-dd'),0);
Insert into ROOM_DATE (DATE_TIME,ISHOLIDAY) values (to_date('2020-07-29','yyyy-mm-dd'),0);
Insert into ROOM_DATE (DATE_TIME,ISHOLIDAY) values (to_date('2020-07-30','yyyy-mm-dd'),0);
Insert into ROOM_DATE (DATE_TIME,ISHOLIDAY) values (to_date('2020-07-31','yyyy-mm-dd'),1);
Insert into ROOM_DATE (DATE_TIME,ISHOLIDAY) values (to_date('2020-08-01','yyyy-mm-dd'),1);
Insert into ROOM_DATE (DATE_TIME,ISHOLIDAY) values (to_date('2020-08-02','yyyy-mm-dd'),0);
Insert into ROOM_DATE (DATE_TIME,ISHOLIDAY) values (to_date('2020-08-03','yyyy-mm-dd'),0);
Insert into ROOM_DATE (DATE_TIME,ISHOLIDAY) values (to_date('2020-08-04','yyyy-mm-dd'),0);
Insert into ROOM_DATE (DATE_TIME,ISHOLIDAY) values (to_date('2020-08-05','yyyy-mm-dd'),0);
Insert into ROOM_DATE (DATE_TIME,ISHOLIDAY) values (to_date('2020-08-06','yyyy-mm-dd'),0);
Insert into ROOM_DATE (DATE_TIME,ISHOLIDAY) values (to_date('2020-08-07','yyyy-mm-dd'),1);
Insert into ROOM_DATE (DATE_TIME,ISHOLIDAY) values (to_date('2020-08-08','yyyy-mm-dd'),1);
Insert into ROOM_DATE (DATE_TIME,ISHOLIDAY) values (to_date('2020-08-09','yyyy-mm-dd'),0);
Insert into ROOM_DATE (DATE_TIME,ISHOLIDAY) values (to_date('2020-08-10','yyyy-mm-dd'),0);
Insert into ROOM_DATE (DATE_TIME,ISHOLIDAY) values (to_date('2020-08-11','yyyy-mm-dd'),0);
Insert into ROOM_DATE (DATE_TIME,ISHOLIDAY) values (to_date('2020-08-12','yyyy-mm-dd'),0);
Insert into ROOM_DATE (DATE_TIME,ISHOLIDAY) values (to_date('2020-08-13','yyyy-mm-dd'),0);
Insert into ROOM_DATE (DATE_TIME,ISHOLIDAY) values (to_date('2020-08-14','yyyy-mm-dd'),1);
Insert into ROOM_DATE (DATE_TIME,ISHOLIDAY) values (to_date('2020-08-15','yyyy-mm-dd'),1);
Insert into ROOM_DATE (DATE_TIME,ISHOLIDAY) values (to_date('2020-08-16','yyyy-mm-dd'),0);
Insert into ROOM_DATE (DATE_TIME,ISHOLIDAY) values (to_date('2020-08-17','yyyy-mm-dd'),0);
Insert into ROOM_DATE (DATE_TIME,ISHOLIDAY) values (to_date('2020-08-18','yyyy-mm-dd'),0);
Insert into ROOM_DATE (DATE_TIME,ISHOLIDAY) values (to_date('2020-08-19','yyyy-mm-dd'),0);
Insert into ROOM_DATE (DATE_TIME,ISHOLIDAY) values (to_date('2020-08-20','yyyy-mm-dd'),0);
Insert into ROOM_DATE (DATE_TIME,ISHOLIDAY) values (to_date('2020-08-21','yyyy-mm-dd'),1);
Insert into ROOM_DATE (DATE_TIME,ISHOLIDAY) values (to_date('2020-08-22','yyyy-mm-dd'),1);
Insert into ROOM_DATE (DATE_TIME,ISHOLIDAY) values (to_date('2020-08-23','yyyy-mm-dd'),0);
Insert into ROOM_DATE (DATE_TIME,ISHOLIDAY) values (to_date('2020-08-24','yyyy-mm-dd'),0);
Insert into ROOM_DATE (DATE_TIME,ISHOLIDAY) values (to_date('2020-08-25','yyyy-mm-dd'),0);
Insert into ROOM_DATE (DATE_TIME,ISHOLIDAY) values (to_date('2020-08-26','yyyy-mm-dd'),0);
Insert into ROOM_DATE (DATE_TIME,ISHOLIDAY) values (to_date('2020-08-27','yyyy-mm-dd'),0);
Insert into ROOM_DATE (DATE_TIME,ISHOLIDAY) values (to_date('2020-08-28','yyyy-mm-dd'),1);
Insert into ROOM_DATE (DATE_TIME,ISHOLIDAY) values (to_date('2020-08-29','yyyy-mm-dd'),1);
Insert into ROOM_DATE (DATE_TIME,ISHOLIDAY) values (to_date('2020-08-30','yyyy-mm-dd'),0);
Insert into ROOM_DATE (DATE_TIME,ISHOLIDAY) values (to_date('2020-08-31','yyyy-mm-dd'),0);
Insert into ROOM_DATE (DATE_TIME,ISHOLIDAY) values (to_date('2020-09-01','yyyy-mm-dd'),0);
Insert into ROOM_DATE (DATE_TIME,ISHOLIDAY) values (to_date('2020-09-02','yyyy-mm-dd'),1);
Insert into ROOM_DATE (DATE_TIME,ISHOLIDAY) values (to_date('2020-09-03','yyyy-mm-dd'),0);
Insert into ROOM_DATE (DATE_TIME,ISHOLIDAY) values (to_date('2020-09-04','yyyy-mm-dd'),1);
Insert into ROOM_DATE (DATE_TIME,ISHOLIDAY) values (to_date('2020-09-05','yyyy-mm-dd'),1);
Insert into ROOM_DATE (DATE_TIME,ISHOLIDAY) values (to_date('2020-09-06','yyyy-mm-dd'),0);
Insert into ROOM_DATE (DATE_TIME,ISHOLIDAY) values (to_date('2020-09-07','yyyy-mm-dd'),0);
Insert into ROOM_DATE (DATE_TIME,ISHOLIDAY) values (to_date('2020-09-08','yyyy-mm-dd'),0);
Insert into ROOM_DATE (DATE_TIME,ISHOLIDAY) values (to_date('2020-09-09','yyyy-mm-dd'),0);
Insert into ROOM_DATE (DATE_TIME,ISHOLIDAY) values (to_date('2020-09-10','yyyy-mm-dd'),0);
Insert into ROOM_DATE (DATE_TIME,ISHOLIDAY) values (to_date('2020-09-11','yyyy-mm-dd'),1);
Insert into ROOM_DATE (DATE_TIME,ISHOLIDAY) values (to_date('2020-09-12','yyyy-mm-dd'),1);
Insert into ROOM_DATE (DATE_TIME,ISHOLIDAY) values (to_date('2020-09-13','yyyy-mm-dd'),0);
Insert into ROOM_DATE (DATE_TIME,ISHOLIDAY) values (to_date('2020-09-14','yyyy-mm-dd'),0);
Insert into ROOM_DATE (DATE_TIME,ISHOLIDAY) values (to_date('2020-09-15','yyyy-mm-dd'),0);
Insert into ROOM_DATE (DATE_TIME,ISHOLIDAY) values (to_date('2020-09-16','yyyy-mm-dd'),0);
Insert into ROOM_DATE (DATE_TIME,ISHOLIDAY) values (to_date('2020-09-17','yyyy-mm-dd'),0);
Insert into ROOM_DATE (DATE_TIME,ISHOLIDAY) values (to_date('2020-09-18','yyyy-mm-dd'),1);
Insert into ROOM_DATE (DATE_TIME,ISHOLIDAY) values (to_date('2020-09-19','yyyy-mm-dd'),1);
Insert into ROOM_DATE (DATE_TIME,ISHOLIDAY) values (to_date('2020-09-20','yyyy-mm-dd'),0);
Insert into ROOM_DATE (DATE_TIME,ISHOLIDAY) values (to_date('2020-09-21','yyyy-mm-dd'),0);
Insert into ROOM_DATE (DATE_TIME,ISHOLIDAY) values (to_date('2020-09-22','yyyy-mm-dd'),0);
Insert into ROOM_DATE (DATE_TIME,ISHOLIDAY) values (to_date('2020-09-23','yyyy-mm-dd'),0);
Insert into ROOM_DATE (DATE_TIME,ISHOLIDAY) values (to_date('2020-09-24','yyyy-mm-dd'),0);
Insert into ROOM_DATE (DATE_TIME,ISHOLIDAY) values (to_date('2020-09-25','yyyy-mm-dd'),1);
Insert into ROOM_DATE (DATE_TIME,ISHOLIDAY) values (to_date('2020-09-26','yyyy-mm-dd'),1);
Insert into ROOM_DATE (DATE_TIME,ISHOLIDAY) values (to_date('2020-09-27','yyyy-mm-dd'),0);
Insert into ROOM_DATE (DATE_TIME,ISHOLIDAY) values (to_date('2020-09-28','yyyy-mm-dd'),0);
Insert into ROOM_DATE (DATE_TIME,ISHOLIDAY) values (to_date('2020-09-29','yyyy-mm-dd'),0);
Insert into ROOM_DATE (DATE_TIME,ISHOLIDAY) values (to_date('2020-09-30','yyyy-mm-dd'),1);
Insert into ROOM_DATE (DATE_TIME,ISHOLIDAY) values (to_date('2020-10-01','yyyy-mm-dd'),1);
Insert into ROOM_DATE (DATE_TIME,ISHOLIDAY) values (to_date('2020-10-02','yyyy-mm-dd'),1);
Insert into ROOM_DATE (DATE_TIME,ISHOLIDAY) values (to_date('2020-10-03','yyyy-mm-dd'),1);
Insert into ROOM_DATE (DATE_TIME,ISHOLIDAY) values (to_date('2020-10-04','yyyy-mm-dd'),0);
Insert into ROOM_DATE (DATE_TIME,ISHOLIDAY) values (to_date('2020-10-05','yyyy-mm-dd'),0);
Insert into ROOM_DATE (DATE_TIME,ISHOLIDAY) values (to_date('2020-10-06','yyyy-mm-dd'),0);
Insert into ROOM_DATE (DATE_TIME,ISHOLIDAY) values (to_date('2020-10-07','yyyy-mm-dd'),0);
Insert into ROOM_DATE (DATE_TIME,ISHOLIDAY) values (to_date('2020-10-08','yyyy-mm-dd'),1);
Insert into ROOM_DATE (DATE_TIME,ISHOLIDAY) values (to_date('2020-10-09','yyyy-mm-dd'),1);
Insert into ROOM_DATE (DATE_TIME,ISHOLIDAY) values (to_date('2020-10-10','yyyy-mm-dd'),1);
Insert into ROOM_DATE (DATE_TIME,ISHOLIDAY) values (to_date('2020-10-11','yyyy-mm-dd'),0);
Insert into ROOM_DATE (DATE_TIME,ISHOLIDAY) values (to_date('2020-10-12','yyyy-mm-dd'),0);
Insert into ROOM_DATE (DATE_TIME,ISHOLIDAY) values (to_date('2020-10-13','yyyy-mm-dd'),0);
Insert into ROOM_DATE (DATE_TIME,ISHOLIDAY) values (to_date('2020-10-14','yyyy-mm-dd'),0);
Insert into ROOM_DATE (DATE_TIME,ISHOLIDAY) values (to_date('2020-10-15','yyyy-mm-dd'),0);
Insert into ROOM_DATE (DATE_TIME,ISHOLIDAY) values (to_date('2020-10-16','yyyy-mm-dd'),1);
Insert into ROOM_DATE (DATE_TIME,ISHOLIDAY) values (to_date('2020-10-17','yyyy-mm-dd'),1);
Insert into ROOM_DATE (DATE_TIME,ISHOLIDAY) values (to_date('2020-10-18','yyyy-mm-dd'),0);
Insert into ROOM_DATE (DATE_TIME,ISHOLIDAY) values (to_date('2020-10-19','yyyy-mm-dd'),0);
Insert into ROOM_DATE (DATE_TIME,ISHOLIDAY) values (to_date('2020-10-20','yyyy-mm-dd'),0);
Insert into ROOM_DATE (DATE_TIME,ISHOLIDAY) values (to_date('2020-10-21','yyyy-mm-dd'),0);
Insert into ROOM_DATE (DATE_TIME,ISHOLIDAY) values (to_date('2020-10-22','yyyy-mm-dd'),0);
Insert into ROOM_DATE (DATE_TIME,ISHOLIDAY) values (to_date('2020-10-23','yyyy-mm-dd'),1);
Insert into ROOM_DATE (DATE_TIME,ISHOLIDAY) values (to_date('2020-10-24','yyyy-mm-dd'),1);
Insert into ROOM_DATE (DATE_TIME,ISHOLIDAY) values (to_date('2020-10-25','yyyy-mm-dd'),0);
Insert into ROOM_DATE (DATE_TIME,ISHOLIDAY) values (to_date('2020-10-26','yyyy-mm-dd'),0);
Insert into ROOM_DATE (DATE_TIME,ISHOLIDAY) values (to_date('2020-10-27','yyyy-mm-dd'),0);
Insert into ROOM_DATE (DATE_TIME,ISHOLIDAY) values (to_date('2020-10-28','yyyy-mm-dd'),0);
Insert into ROOM_DATE (DATE_TIME,ISHOLIDAY) values (to_date('2020-10-29','yyyy-mm-dd'),0);
Insert into ROOM_DATE (DATE_TIME,ISHOLIDAY) values (to_date('2020-10-30','yyyy-mm-dd'),1);
Insert into ROOM_DATE (DATE_TIME,ISHOLIDAY) values (to_date('2020-10-31','yyyy-mm-dd'),1);
Insert into ROOM_DATE (DATE_TIME,ISHOLIDAY) values (to_date('2020-11-01','yyyy-mm-dd'),0);
Insert into ROOM_DATE (DATE_TIME,ISHOLIDAY) values (to_date('2020-11-02','yyyy-mm-dd'),0);
Insert into ROOM_DATE (DATE_TIME,ISHOLIDAY) values (to_date('2020-11-03','yyyy-mm-dd'),0);
Insert into ROOM_DATE (DATE_TIME,ISHOLIDAY) values (to_date('2020-11-04','yyyy-mm-dd'),0);
Insert into ROOM_DATE (DATE_TIME,ISHOLIDAY) values (to_date('2020-11-05','yyyy-mm-dd'),0);
Insert into ROOM_DATE (DATE_TIME,ISHOLIDAY) values (to_date('2020-11-06','yyyy-mm-dd'),1);
Insert into ROOM_DATE (DATE_TIME,ISHOLIDAY) values (to_date('2020-11-07','yyyy-mm-dd'),1);
Insert into ROOM_DATE (DATE_TIME,ISHOLIDAY) values (to_date('2020-11-08','yyyy-mm-dd'),0);
Insert into ROOM_DATE (DATE_TIME,ISHOLIDAY) values (to_date('2020-11-09','yyyy-mm-dd'),0);
Insert into ROOM_DATE (DATE_TIME,ISHOLIDAY) values (to_date('2020-11-10','yyyy-mm-dd'),0);
Insert into ROOM_DATE (DATE_TIME,ISHOLIDAY) values (to_date('2020-11-11','yyyy-mm-dd'),0);
Insert into ROOM_DATE (DATE_TIME,ISHOLIDAY) values (to_date('2020-11-12','yyyy-mm-dd'),0);
Insert into ROOM_DATE (DATE_TIME,ISHOLIDAY) values (to_date('2020-11-13','yyyy-mm-dd'),1);
Insert into ROOM_DATE (DATE_TIME,ISHOLIDAY) values (to_date('2020-11-14','yyyy-mm-dd'),1);
Insert into ROOM_DATE (DATE_TIME,ISHOLIDAY) values (to_date('2020-11-15','yyyy-mm-dd'),0);
Insert into ROOM_DATE (DATE_TIME,ISHOLIDAY) values (to_date('2020-11-16','yyyy-mm-dd'),0);
Insert into ROOM_DATE (DATE_TIME,ISHOLIDAY) values (to_date('2020-11-17','yyyy-mm-dd'),0);
Insert into ROOM_DATE (DATE_TIME,ISHOLIDAY) values (to_date('2020-11-18','yyyy-mm-dd'),0);
Insert into ROOM_DATE (DATE_TIME,ISHOLIDAY) values (to_date('2020-11-19','yyyy-mm-dd'),0);
Insert into ROOM_DATE (DATE_TIME,ISHOLIDAY) values (to_date('2020-11-20','yyyy-mm-dd'),1);
Insert into ROOM_DATE (DATE_TIME,ISHOLIDAY) values (to_date('2020-11-21','yyyy-mm-dd'),1);
Insert into ROOM_DATE (DATE_TIME,ISHOLIDAY) values (to_date('2020-11-22','yyyy-mm-dd'),0);
Insert into ROOM_DATE (DATE_TIME,ISHOLIDAY) values (to_date('2020-11-23','yyyy-mm-dd'),0);
Insert into ROOM_DATE (DATE_TIME,ISHOLIDAY) values (to_date('2020-11-24','yyyy-mm-dd'),0);
Insert into ROOM_DATE (DATE_TIME,ISHOLIDAY) values (to_date('2020-11-25','yyyy-mm-dd'),0);
Insert into ROOM_DATE (DATE_TIME,ISHOLIDAY) values (to_date('2020-11-26','yyyy-mm-dd'),0);
Insert into ROOM_DATE (DATE_TIME,ISHOLIDAY) values (to_date('2020-11-27','yyyy-mm-dd'),1);
Insert into ROOM_DATE (DATE_TIME,ISHOLIDAY) values (to_date('2020-11-28','yyyy-mm-dd'),1);
Insert into ROOM_DATE (DATE_TIME,ISHOLIDAY) values (to_date('2020-11-29','yyyy-mm-dd'),0);
Insert into ROOM_DATE (DATE_TIME,ISHOLIDAY) values (to_date('2020-11-30','yyyy-mm-dd'),0);
Insert into ROOM_DATE (DATE_TIME,ISHOLIDAY) values (to_date('2020-12-01','yyyy-mm-dd'),0);
Insert into ROOM_DATE (DATE_TIME,ISHOLIDAY) values (to_date('2020-12-02','yyyy-mm-dd'),0);
Insert into ROOM_DATE (DATE_TIME,ISHOLIDAY) values (to_date('2020-12-03','yyyy-mm-dd'),0);
Insert into ROOM_DATE (DATE_TIME,ISHOLIDAY) values (to_date('2020-12-04','yyyy-mm-dd'),1);
Insert into ROOM_DATE (DATE_TIME,ISHOLIDAY) values (to_date('2020-12-05','yyyy-mm-dd'),1);
Insert into ROOM_DATE (DATE_TIME,ISHOLIDAY) values (to_date('2020-12-06','yyyy-mm-dd'),0);
Insert into ROOM_DATE (DATE_TIME,ISHOLIDAY) values (to_date('2020-12-07','yyyy-mm-dd'),0);
Insert into ROOM_DATE (DATE_TIME,ISHOLIDAY) values (to_date('2020-12-08','yyyy-mm-dd'),0);
Insert into ROOM_DATE (DATE_TIME,ISHOLIDAY) values (to_date('2020-12-09','yyyy-mm-dd'),0);
Insert into ROOM_DATE (DATE_TIME,ISHOLIDAY) values (to_date('2020-12-10','yyyy-mm-dd'),0);
Insert into ROOM_DATE (DATE_TIME,ISHOLIDAY) values (to_date('2020-12-11','yyyy-mm-dd'),1);
Insert into ROOM_DATE (DATE_TIME,ISHOLIDAY) values (to_date('2020-12-12','yyyy-mm-dd'),1);
Insert into ROOM_DATE (DATE_TIME,ISHOLIDAY) values (to_date('2020-12-13','yyyy-mm-dd'),0);
Insert into ROOM_DATE (DATE_TIME,ISHOLIDAY) values (to_date('2020-12-14','yyyy-mm-dd'),0);
Insert into ROOM_DATE (DATE_TIME,ISHOLIDAY) values (to_date('2020-12-15','yyyy-mm-dd'),0);
Insert into ROOM_DATE (DATE_TIME,ISHOLIDAY) values (to_date('2020-12-16','yyyy-mm-dd'),0);
Insert into ROOM_DATE (DATE_TIME,ISHOLIDAY) values (to_date('2020-12-17','yyyy-mm-dd'),0);
Insert into ROOM_DATE (DATE_TIME,ISHOLIDAY) values (to_date('2020-12-18','yyyy-mm-dd'),1);
Insert into ROOM_DATE (DATE_TIME,ISHOLIDAY) values (to_date('2020-12-19','yyyy-mm-dd'),1);
Insert into ROOM_DATE (DATE_TIME,ISHOLIDAY) values (to_date('2020-12-20','yyyy-mm-dd'),0);
Insert into ROOM_DATE (DATE_TIME,ISHOLIDAY) values (to_date('2020-12-21','yyyy-mm-dd'),0);
Insert into ROOM_DATE (DATE_TIME,ISHOLIDAY) values (to_date('2020-12-22','yyyy-mm-dd'),0);
Insert into ROOM_DATE (DATE_TIME,ISHOLIDAY) values (to_date('2020-12-23','yyyy-mm-dd'),0);
Insert into ROOM_DATE (DATE_TIME,ISHOLIDAY) values (to_date('2020-12-24','yyyy-mm-dd'),0);
Insert into ROOM_DATE (DATE_TIME,ISHOLIDAY) values (to_date('2020-12-25','yyyy-mm-dd'),1);
Insert into ROOM_DATE (DATE_TIME,ISHOLIDAY) values (to_date('2020-12-26','yyyy-mm-dd'),1);
Insert into ROOM_DATE (DATE_TIME,ISHOLIDAY) values (to_date('2020-12-27','yyyy-mm-dd'),0);
Insert into ROOM_DATE (DATE_TIME,ISHOLIDAY) values (to_date('2020-12-28','yyyy-mm-dd'),0);
Insert into ROOM_DATE (DATE_TIME,ISHOLIDAY) values (to_date('2020-12-29','yyyy-mm-dd'),0);
Insert into ROOM_DATE (DATE_TIME,ISHOLIDAY) values (to_date('2020-12-30','yyyy-mm-dd'),0);
Insert into ROOM_DATE (DATE_TIME,ISHOLIDAY) values (to_date('2020-12-31','yyyy-mm-dd'),0);
--------------------------------------------------------

COMMIT;
--以下產生 PK 唯一性衝突, 因為跟第一筆資料重複, 取消狀態欄位沒有意義所以在 HotelOne_0318 中已拿掉
--ORA-00001: unique constraint (DA106.PK_ROOM_MEAL_ORDER_DETAIL) violated
--INSERT INTO ROOM_MEAL_ORDER_DETAIL(ROOM_MEAL_ORDER_NO, MEAL_NO, QUANTITY, PRICE, MEAL_STATUS)
--VALUES('ROM-20200322-001','M0001', 1, 100, 1);

------------------------------------------------------------------
